feedback_id,order_id,product_id,product_title,category,rating,created_at
FB-5001,ORD-100005,41510630,Jaket Hoodie pria fashion GIVE IT UP big logo hitam murah size m,Fashion,4,2026-01-01T18:24:54.161076
FB-5002,ORD-100006,62349101,Longsleeve Lacoste Fashion,Fashion,4,2026-01-01T14:29:54.161076
FB-5003,ORD-100007,64383180,Batik keris fashion batik keris,Fashion,5,2026-01-01T11:40:54.161076
FB-5004,ORD-100008,75900751,CARDIGAN RIB/CARDIGAN CROP/CARDIGAN RAJUT/CARDIGAN WAFER/CARDIGAN WAFFLE/BY GFS (GIRL FASHION STORY),Fashion,4,2026-01-01T13:42:54.161076
FB-5005,ORD-100010,96953448,Kemeja Veterano Fashion not Caltop Pendleton Ralph Lauren Giordano,Fashion,4,2026-01-01T13:42:54.161076
FB-5006,ORD-100011,96953448,Kemeja Veterano Fashion not Caltop Pendleton Ralph Lauren Giordano,Fashion,4,2026-01-01T11:34:54.161076
FB-5007,ORD-100016,88364831,Jaket parka army military green hijau m65 fashion guess,Fashion,5,2026-01-02T14:57:54.161076
FB-5008,ORD-100019,15767726,Kemeja Tnf Buat Fashion /Outdoor Original,Fashion,4,2026-01-02T16:35:54.161076
FB-5009,ORD-100023,48838750,"Original Jersey Tottenham Hotspur ""Home"" 2014/15 #2 Walker Capital One Cup Final Under Armour [sportswear, sepakbola, vintage, retro, 90s, y2k, skate, casual, fashion, atasan, unisex]",Fashion,4,2026-01-03T15:49:54.161076
FB-5010,ORD-100026,2090480,Fashion wanita / Atasan wanita / Kemeja / Vintage,Fashion,4,2026-01-03T16:42:54.161076
FB-5011,ORD-100027,75547289,PRELOVED Fashion Today Shirt,Fashion,4,2026-01-03T16:13:54.161076
FB-5012,ORD-100028,64383180,Batik keris fashion batik keris,Fashion,4,2026-01-03T17:42:54.161076
FB-5013,ORD-100032,79673141,"[M] PLAY FASHION [B4-32] - (KAOS POLO / KAOS BERKERAH) (POLO SHIRT) SECOND, THRIFT, BEKAS, PRELOVED, USED - 0uZk2cvEbQYleWOh4XCw",Fashion,5,2026-01-03T16:56:54.161076
FB-5014,ORD-100033,52822737,Woman's Fashion Atasan Y2K/Coquette,Fashion,4,2026-01-03T16:06:54.161076
FB-5015,ORD-100034,93805000,Jaket parka army military green hijau m65 fashion L brenn,Fashion,4,2026-01-04T16:43:54.161076
FB-5016,ORD-100036,62349101,Longsleeve Lacoste Fashion,Fashion,4,2026-01-04T15:17:54.161076
FB-5017,ORD-100039,79673141,"[M] PLAY FASHION [B4-32] - (KAOS POLO / KAOS BERKERAH) (POLO SHIRT) SECOND, THRIFT, BEKAS, PRELOVED, USED - 0uZk2cvEbQYleWOh4XCw",Fashion,4,2026-01-04T13:03:54.161076
FB-5018,ORD-100042,2090480,Fashion wanita / Atasan wanita / Kemeja / Vintage,Fashion,4,2026-01-04T21:34:54.161076
FB-5019,ORD-100045,79673141,"[M] PLAY FASHION [B4-32] - (KAOS POLO / KAOS BERKERAH) (POLO SHIRT) SECOND, THRIFT, BEKAS, PRELOVED, USED - 0uZk2cvEbQYleWOh4XCw",Fashion,4,2026-01-05T16:02:54.161076
FB-5020,ORD-100046,22339853,Kaos Fashion 68 Hitam,Fashion,4,2026-01-06T14:42:54.161076
FB-5021,ORD-100056,50133989,kemeja ootd jumbo bigsize preloved fashion today,Fashion,4,2026-01-07T08:56:54.161076
FB-5022,ORD-100057,42320964,Fitted Top Shirt Y2K 2000s Coquette Style | Atasan Kemeja .✦ ݁˖ sawako shoujo vintage coquette morikei fairy y2k 2000s cottage whimsical downtown girl bohemian boho etnik retro grunge emo gothic alt core korean style japanese fashion,Fashion,5,2026-01-07T19:09:54.161076
FB-5023,ORD-100060,22339853,Kaos Fashion 68 Hitam,Fashion,5,2026-01-08T20:10:54.161076
FB-5024,ORD-100061,3650811,TB fashion,Fashion,3,2026-01-08T18:59:54.161076
FB-5025,ORD-100062,22339853,Kaos Fashion 68 Hitam,Fashion,5,2026-01-08T19:50:54.161076
FB-5026,ORD-100064,29880574,Max Fashion shirt O neck size S,Fashion,4,2026-01-08T19:42:54.161076
FB-5027,ORD-100066,64544318,Kemeja Tnf Lengan Panjang Fashion /Outdoor Pria Original,Fashion,4,2026-01-08T19:01:54.161076
FB-5028,ORD-100068,88243349,(NO NEGO) FRAGILE tailored faux leather shirt jacket black structured office chic vintage officewear structured top korean fashion japanese style collared shirt fitted shirt blazer style black formal polyurethane shirt minimal chic,Fashion,4,2026-01-09T17:24:54.161076
FB-5029,ORD-100070,64383180,Batik keris fashion batik keris,Fashion,4,2026-01-09T18:27:54.161076
FB-5030,ORD-100072,41725166,Kaos Art Vespa Vintage Fashion Retro Klasik Baju Abu-Abu,Fashion,4,2026-01-10T14:35:54.161076
FB-5031,ORD-100073,88364831,Jaket parka army military green hijau m65 fashion guess,Fashion,4,2026-01-10T15:11:54.161076
FB-5032,ORD-100074,75900751,CARDIGAN RIB/CARDIGAN CROP/CARDIGAN RAJUT/CARDIGAN WAFER/CARDIGAN WAFFLE/BY GFS (GIRL FASHION STORY),Fashion,4,2026-01-10T19:13:54.161076
FB-5033,ORD-100076,38992108,Fashion Today - Kemeja Crinkle Coklat,Fashion,5,2026-01-10T21:42:54.161076
FB-5034,ORD-100077,82462371,crewneck fashion,Fashion,3,2026-01-10T17:48:54.161076
FB-5035,ORD-100081,62349101,Longsleeve Lacoste Fashion,Fashion,4,2026-01-11T18:29:54.161076
FB-5036,ORD-100082,25649285,Fashion NY 68 Varsity Jacket,Fashion,4,2026-01-11T12:29:54.161076
FB-5037,ORD-100086,96953448,Kemeja Veterano Fashion not Caltop Pendleton Ralph Lauren Giordano,Fashion,4,2026-01-11T17:04:54.161076
FB-5038,ORD-100090,33235209,BKK Fashion,Fashion,4,2026-01-11T20:30:54.161076
FB-5039,ORD-100092,64383180,Batik keris fashion batik keris,Fashion,4,2026-01-12T16:31:54.161076
FB-5040,ORD-100093,35925127,"Original Jersey Netherlands Away 2015 ""7 Memphis Depay"" Euro Cup Nike [sportswear, sepakbola, vintage, retro, 90s, y2k, skate, casual, fashion, atasan, unisex]",Fashion,4,2026-01-12T18:53:54.161076
FB-5041,ORD-100095,35925127,"Original Jersey Netherlands Away 2015 ""7 Memphis Depay"" Euro Cup Nike [sportswear, sepakbola, vintage, retro, 90s, y2k, skate, casual, fashion, atasan, unisex]",Fashion,4,2026-01-13T19:16:54.161076
FB-5042,ORD-100097,22339853,Kaos Fashion 68 Hitam,Fashion,5,2026-01-13T09:22:54.161076
FB-5043,ORD-100099,25577472,Hoodie fashion mall Topten broken white Authentic,Fashion,5,2026-01-13T14:07:54.161076
FB-5044,ORD-100101,50423645,Cardigan rajut fashion,Fashion,4,2026-01-13T18:19:54.161076
FB-5045,ORD-100114,76724915,Brand fashion jepang ills,Fashion,4,2026-01-15T14:30:54.161076
FB-5046,ORD-100117,64383180,Batik keris fashion batik keris,Fashion,4,2026-01-15T13:17:54.161076
FB-5047,ORD-100119,64383180,Batik keris fashion batik keris,Fashion,4,2026-01-16T11:08:54.161076
FB-5048,ORD-100124,84353197,PRELOVED Fashion today by alice norin knit top,Fashion,4,2026-01-16T18:33:54.161076
FB-5049,ORD-100125,50133989,kemeja ootd jumbo bigsize preloved fashion today,Fashion,4,2026-01-17T16:36:54.161076
FB-5050,ORD-100127,38992108,Fashion Today - Kemeja Crinkle Coklat,Fashion,4,2026-01-17T14:10:54.161076
FB-5051,ORD-100128,77608982,Kaos Fashion L,Fashion,5,2026-01-17T16:18:54.161076
FB-5052,ORD-100133,42320964,Fitted Top Shirt Y2K 2000s Coquette Style | Atasan Kemeja .✦ ݁˖ sawako shoujo vintage coquette morikei fairy y2k 2000s cottage whimsical downtown girl bohemian boho etnik retro grunge emo gothic alt core korean style japanese fashion,Fashion,5,2026-01-17T14:28:54.161076
FB-5053,ORD-100134,82462371,crewneck fashion,Fashion,3,2026-01-17T18:01:54.161076
FB-5054,ORD-100137,64544318,Kemeja Tnf Lengan Panjang Fashion /Outdoor Pria Original,Fashion,4,2026-01-17T22:52:54.161076
FB-5055,ORD-100138,2090480,Fashion wanita / Atasan wanita / Kemeja / Vintage,Fashion,4,2026-01-17T15:06:54.161076
FB-5056,ORD-100139,41510630,Jaket Hoodie pria fashion GIVE IT UP big logo hitam murah size m,Fashion,4,2026-01-18T17:48:54.161076
FB-5057,ORD-100140,84353197,PRELOVED Fashion today by alice norin knit top,Fashion,3,2026-01-18T14:49:54.161076
FB-5058,ORD-100144,2090480,Fashion wanita / Atasan wanita / Kemeja / Vintage,Fashion,4,2026-01-18T17:10:54.161076
FB-5059,ORD-100146,22019397,Jaket Bomber Fashion,Fashion,4,2026-01-18T19:45:54.161076
FB-5060,ORD-100151,2090480,Fashion wanita / Atasan wanita / Kemeja / Vintage,Fashion,4,2026-01-19T16:48:54.161076
FB-5061,ORD-100154,1759904,Hoodie Off White Fashion,Fashion,5,2026-01-20T17:02:54.161076
FB-5062,ORD-100156,62349101,Longsleeve Lacoste Fashion,Fashion,4,2026-01-20T18:41:54.161076
FB-5063,ORD-100157,62583289,Crewnack Off white Fashion,Fashion,5,2026-01-20T14:25:54.161076
FB-5064,ORD-100158,64544318,Kemeja Tnf Lengan Panjang Fashion /Outdoor Pria Original,Fashion,4,2026-01-20T17:20:54.161076
FB-5065,ORD-100159,48838750,"Original Jersey Tottenham Hotspur ""Home"" 2014/15 #2 Walker Capital One Cup Final Under Armour [sportswear, sepakbola, vintage, retro, 90s, y2k, skate, casual, fashion, atasan, unisex]",Fashion,4,2026-01-20T19:04:54.161076
FB-5066,ORD-100162,35925127,"Original Jersey Netherlands Away 2015 ""7 Memphis Depay"" Euro Cup Nike [sportswear, sepakbola, vintage, retro, 90s, y2k, skate, casual, fashion, atasan, unisex]",Fashion,4,2026-01-20T14:09:54.161076
FB-5067,ORD-100163,31643621,"Bundling Kaos fashion volcom, insight, DC (3pcs)",Fashion,4,2026-01-21T13:39:54.161076
FB-5068,ORD-100166,76724915,Brand fashion jepang ills,Fashion,4,2026-01-21T15:37:54.161076
FB-5069,ORD-100172,93805000,Jaket parka army military green hijau m65 fashion L brenn,Fashion,5,2026-01-22T12:02:54.161076
FB-5070,ORD-100173,41725166,Kaos Art Vespa Vintage Fashion Retro Klasik Baju Abu-Abu,Fashion,4,2026-01-22T15:58:54.161076
FB-5071,ORD-100178,84353197,PRELOVED Fashion today by alice norin knit top,Fashion,4,2026-01-23T08:29:54.161076
FB-5072,ORD-100184,42320964,Fitted Top Shirt Y2K 2000s Coquette Style | Atasan Kemeja .✦ ݁˖ sawako shoujo vintage coquette morikei fairy y2k 2000s cottage whimsical downtown girl bohemian boho etnik retro grunge emo gothic alt core korean style japanese fashion,Fashion,5,2026-01-23T18:26:54.161076
FB-5073,ORD-100187,95204375,[NETT] Fashion Today kemeja putih,Fashion,3,2026-01-24T15:12:54.161076
FB-5074,ORD-100190,52822737,Woman's Fashion Atasan Y2K/Coquette,Fashion,5,2026-01-24T16:52:54.161076
FB-5075,ORD-100192,62583289,Crewnack Off white Fashion,Fashion,4,2026-01-24T18:55:54.161076
FB-5076,ORD-100194,3650811,TB fashion,Fashion,4,2026-01-24T15:04:54.161076
FB-5077,ORD-100198,62349101,Longsleeve Lacoste Fashion,Fashion,4,2026-01-24T11:38:54.161076
FB-5078,ORD-100200,50423645,Cardigan rajut fashion,Fashion,4,2026-01-25T17:44:54.161076
FB-5079,ORD-100201,22019397,Jaket Bomber Fashion,Fashion,4,2026-01-25T18:13:54.161076
FB-5080,ORD-100202,76838306,Sex Pistols M punk Misfits Metallica Nirvana Fashion pop metal rap tee Art,Fashion,4,2026-01-25T15:26:54.161076
FB-5081,ORD-100212,88243349,(NO NEGO) FRAGILE tailored faux leather shirt jacket black structured office chic vintage officewear structured top korean fashion japanese style collared shirt fitted shirt blazer style black formal polyurethane shirt minimal chic,Fashion,4,2026-01-26T16:09:54.161076
FB-5082,ORD-100213,82462371,crewneck fashion,Fashion,4,2026-01-27T15:23:54.161076
FB-5083,ORD-100217,76838306,Sex Pistols M punk Misfits Metallica Nirvana Fashion pop metal rap tee Art,Fashion,5,2026-01-28T16:19:54.161076
FB-5084,ORD-100218,85984677,“You Are Gay” Fashion Brand Acrostic Graphic Tee - trashed -faded - distressed - erd - vintage - band tee,Fashion,5,2026-01-28T11:13:54.161076
FB-5085,ORD-100219,88364831,Jaket parka army military green hijau m65 fashion guess,Fashion,4,2026-01-28T12:27:54.161076
FB-5086,ORD-100221,88243349,(NO NEGO) FRAGILE tailored faux leather shirt jacket black structured office chic vintage officewear structured top korean fashion japanese style collared shirt fitted shirt blazer style black formal polyurethane shirt minimal chic,Fashion,4,2026-01-28T10:58:54.161076
FB-5087,ORD-100225,33235209,BKK Fashion,Fashion,5,2026-01-29T19:14:54.161076
FB-5088,ORD-100226,41510630,Jaket Hoodie pria fashion GIVE IT UP big logo hitam murah size m,Fashion,4,2026-01-29T17:12:54.161076
FB-5089,ORD-100229,3650811,TB fashion,Fashion,3,2026-01-29T16:37:54.161076
FB-5090,ORD-100235,52822737,Woman's Fashion Atasan Y2K/Coquette,Fashion,5,2026-01-30T16:03:54.161076
FB-5091,ORD-100236,50133989,kemeja ootd jumbo bigsize preloved fashion today,Fashion,4,2026-01-30T15:32:54.161076
FB-5092,ORD-100237,64544318,Kemeja Tnf Lengan Panjang Fashion /Outdoor Pria Original,Fashion,5,2026-01-30T15:33:54.161076
FB-5093,ORD-100239,47393802,Hodie Champion Fashion sz M 62x57,Fashion,4,2026-01-30T17:06:54.161076
FB-5094,ORD-100240,84353197,PRELOVED Fashion today by alice norin knit top,Fashion,4,2026-01-30T18:58:54.161076
FB-5095,ORD-100241,50423645,Cardigan rajut fashion,Fashion,4,2026-01-30T16:22:54.161076
FB-5096,ORD-100244,47393802,Hodie Champion Fashion sz M 62x57,Fashion,4,2026-01-31T17:01:54.161076
FB-5097,ORD-100249,75900751,CARDIGAN RIB/CARDIGAN CROP/CARDIGAN RAJUT/CARDIGAN WAFER/CARDIGAN WAFFLE/BY GFS (GIRL FASHION STORY),Fashion,4,2026-01-31T15:43:54.161076
FB-5098,ORD-100255,31643621,"Bundling Kaos fashion volcom, insight, DC (3pcs)",Fashion,4,2026-02-01T18:57:54.161076
FB-5099,ORD-100257,88243349,(NO NEGO) FRAGILE tailored faux leather shirt jacket black structured office chic vintage officewear structured top korean fashion japanese style collared shirt fitted shirt blazer style black formal polyurethane shirt minimal chic,Fashion,4,2026-02-01T15:24:54.161076
FB-5100,ORD-100263,75900751,CARDIGAN RIB/CARDIGAN CROP/CARDIGAN RAJUT/CARDIGAN WAFER/CARDIGAN WAFFLE/BY GFS (GIRL FASHION STORY),Fashion,4,2026-02-01T20:01:54.161076
FB-5101,ORD-100267,48838750,"Original Jersey Tottenham Hotspur ""Home"" 2014/15 #2 Walker Capital One Cup Final Under Armour [sportswear, sepakbola, vintage, retro, 90s, y2k, skate, casual, fashion, atasan, unisex]",Fashion,4,2026-02-02T18:04:54.161076
FB-5102,ORD-100268,88243349,(NO NEGO) FRAGILE tailored faux leather shirt jacket black structured office chic vintage officewear structured top korean fashion japanese style collared shirt fitted shirt blazer style black formal polyurethane shirt minimal chic,Fashion,4,2026-02-02T12:48:54.161076
FB-5103,ORD-100271,85984677,“You Are Gay” Fashion Brand Acrostic Graphic Tee - trashed -faded - distressed - erd - vintage - band tee,Fashion,5,2026-02-03T13:59:54.161076
FB-5104,ORD-100275,1759904,Hoodie Off White Fashion,Fashion,5,2026-02-03T17:51:54.161076
FB-5105,ORD-100276,31643621,"Bundling Kaos fashion volcom, insight, DC (3pcs)",Fashion,4,2026-02-03T15:52:54.161076
FB-5106,ORD-100277,3650811,TB fashion,Fashion,4,2026-02-03T11:19:54.161076
FB-5107,ORD-100278,50133989,kemeja ootd jumbo bigsize preloved fashion today,Fashion,4,2026-02-03T17:02:54.161076
FB-5108,ORD-100283,50133989,kemeja ootd jumbo bigsize preloved fashion today,Fashion,4,2026-02-04T18:33:54.161076
FB-5109,ORD-100293,31643621,"Bundling Kaos fashion volcom, insight, DC (3pcs)",Fashion,4,2026-02-06T16:20:54.161076
FB-5110,ORD-100295,84353197,PRELOVED Fashion today by alice norin knit top,Fashion,4,2026-02-06T21:58:54.161076
FB-5111,ORD-100296,25649285,Fashion NY 68 Varsity Jacket,Fashion,3,2026-02-06T14:59:54.161076
FB-5112,ORD-100297,88243349,(NO NEGO) FRAGILE tailored faux leather shirt jacket black structured office chic vintage officewear structured top korean fashion japanese style collared shirt fitted shirt blazer style black formal polyurethane shirt minimal chic,Fashion,4,2026-02-07T14:12:54.161076
FB-5113,ORD-100298,48838750,"Original Jersey Tottenham Hotspur ""Home"" 2014/15 #2 Walker Capital One Cup Final Under Armour [sportswear, sepakbola, vintage, retro, 90s, y2k, skate, casual, fashion, atasan, unisex]",Fashion,4,2026-02-07T17:05:54.161076
FB-5114,ORD-100301,85984677,“You Are Gay” Fashion Brand Acrostic Graphic Tee - trashed -faded - distressed - erd - vintage - band tee,Fashion,5,2026-02-07T14:36:54.161076
FB-5115,ORD-100302,22339853,Kaos Fashion 68 Hitam,Fashion,5,2026-02-07T20:41:54.161076
FB-5116,ORD-100303,41725166,Kaos Art Vespa Vintage Fashion Retro Klasik Baju Abu-Abu,Fashion,4,2026-02-07T17:04:54.161076
FB-5117,ORD-100304,42320964,Fitted Top Shirt Y2K 2000s Coquette Style | Atasan Kemeja .✦ ݁˖ sawako shoujo vintage coquette morikei fairy y2k 2000s cottage whimsical downtown girl bohemian boho etnik retro grunge emo gothic alt core korean style japanese fashion,Fashion,5,2026-02-07T16:38:54.161076
FB-5118,ORD-100306,88364831,Jaket parka army military green hijau m65 fashion guess,Fashion,4,2026-02-07T12:07:54.161076
FB-5119,ORD-100310,41725166,Kaos Art Vespa Vintage Fashion Retro Klasik Baju Abu-Abu,Fashion,4,2026-02-08T15:15:54.161076
FB-5120,ORD-100311,38992108,Fashion Today - Kemeja Crinkle Coklat,Fashion,5,2026-02-08T14:53:54.161076
FB-5121,ORD-100313,56293620,Atasan HANA FASHION,Fashion,5,2026-02-08T15:36:54.161076
FB-5122,ORD-100314,84353197,PRELOVED Fashion today by alice norin knit top,Fashion,3,2026-02-08T11:48:54.161076
FB-5123,ORD-100315,84353197,PRELOVED Fashion today by alice norin knit top,Fashion,4,2026-02-08T17:06:54.161076
FB-5124,ORD-100316,84979622,Kemeja Lengan Pendek Simon Fashion LD 92 1,Fashion,3,2026-02-08T16:09:54.161076
FB-5125,ORD-100320,41725166,Kaos Art Vespa Vintage Fashion Retro Klasik Baju Abu-Abu,Fashion,4,2026-02-08T16:36:54.161076
FB-5126,ORD-100322,33235209,BKK Fashion,Fashion,5,2026-02-08T19:38:54.161076
FB-5127,ORD-100323,75547289,PRELOVED Fashion Today Shirt,Fashion,4,2026-02-08T22:14:54.161076
FB-5128,ORD-100324,25649285,Fashion NY 68 Varsity Jacket,Fashion,4,2026-02-08T17:53:54.161076
FB-5129,ORD-100326,35925127,"Original Jersey Netherlands Away 2015 ""7 Memphis Depay"" Euro Cup Nike [sportswear, sepakbola, vintage, retro, 90s, y2k, skate, casual, fashion, atasan, unisex]",Fashion,4,2026-02-09T15:32:54.161076
FB-5130,ORD-100327,75900751,CARDIGAN RIB/CARDIGAN CROP/CARDIGAN RAJUT/CARDIGAN WAFER/CARDIGAN WAFFLE/BY GFS (GIRL FASHION STORY),Fashion,3,2026-02-09T18:08:54.161076
FB-5131,ORD-100328,31643621,"Bundling Kaos fashion volcom, insight, DC (3pcs)",Fashion,3,2026-02-09T17:20:54.161076
FB-5132,ORD-100331,96953448,Kemeja Veterano Fashion not Caltop Pendleton Ralph Lauren Giordano,Fashion,4,2026-02-09T22:18:54.161076
FB-5133,ORD-100336,84353197,PRELOVED Fashion today by alice norin knit top,Fashion,3,2026-02-10T17:15:54.161076
FB-5134,ORD-100337,25649285,Fashion NY 68 Varsity Jacket,Fashion,4,2026-02-10T17:26:54.161076
FB-5135,ORD-100338,41510630,Jaket Hoodie pria fashion GIVE IT UP big logo hitam murah size m,Fashion,3,2026-02-10T18:35:54.161076
FB-5136,ORD-100339,39613896,Hodie Fashion sz M 67x55,Fashion,5,2026-02-10T20:12:54.161076
FB-5137,ORD-100343,76724915,Brand fashion jepang ills,Fashion,4,2026-02-11T16:21:54.161076
FB-5138,ORD-100345,67661682,Blouse fashion,Fashion,5,2026-02-11T12:29:54.161076
FB-5139,ORD-100348,76838306,Sex Pistols M punk Misfits Metallica Nirvana Fashion pop metal rap tee Art,Fashion,5,2026-02-11T17:08:54.161076
FB-5140,ORD-100349,75547289,PRELOVED Fashion Today Shirt,Fashion,4,2026-02-11T14:48:54.161076
FB-5141,ORD-100350,96953448,Kemeja Veterano Fashion not Caltop Pendleton Ralph Lauren Giordano,Fashion,4,2026-02-11T18:41:54.161076
FB-5142,ORD-100352,67661682,Blouse fashion,Fashion,5,2026-02-12T18:40:54.161076
FB-5143,ORD-100355,93805000,Jaket parka army military green hijau m65 fashion L brenn,Fashion,4,2026-02-12T17:50:54.161076
FB-5144,ORD-100357,25649285,Fashion NY 68 Varsity Jacket,Fashion,4,2026-02-12T13:10:54.161076
FB-5145,ORD-100358,45541267,Top Y2K 2000s Downtown Style | Atasan Kaos .✦ ݁˖ sawako shoujo vintage coquette morikei fairy y2k 2000s cottage whimsical downtown girl bohemian boho etnik retro grunge emo gothic alt core korean style japanese fashion,Fashion,4,2026-02-12T17:31:54.161076
FB-5146,ORD-100359,67661682,Blouse fashion,Fashion,5,2026-02-13T12:36:54.161076
FB-5147,ORD-100361,77608982,Kaos Fashion L,Fashion,4,2026-02-13T10:04:54.161076
FB-5148,ORD-100363,22339853,Kaos Fashion 68 Hitam,Fashion,4,2026-02-14T17:26:54.161076
FB-5149,ORD-100366,22019397,Jaket Bomber Fashion,Fashion,4,2026-02-14T16:14:54.161076
FB-5150,ORD-100370,35925127,"Original Jersey Netherlands Away 2015 ""7 Memphis Depay"" Euro Cup Nike [sportswear, sepakbola, vintage, retro, 90s, y2k, skate, casual, fashion, atasan, unisex]",Fashion,4,2026-02-14T16:43:54.161076
FB-5151,ORD-100371,25649285,Fashion NY 68 Varsity Jacket,Fashion,4,2026-02-14T15:48:54.161076
FB-5152,ORD-100374,62583289,Crewnack Off white Fashion,Fashion,5,2026-02-14T15:35:54.161076
FB-5153,ORD-100377,1759904,Hoodie Off White Fashion,Fashion,5,2026-02-15T14:54:54.161076
FB-5154,ORD-100379,31643621,"Bundling Kaos fashion volcom, insight, DC (3pcs)",Fashion,4,2026-02-15T13:59:54.161076
FB-5155,ORD-100380,50133989,kemeja ootd jumbo bigsize preloved fashion today,Fashion,4,2026-02-15T18:17:54.161076
FB-5156,ORD-100381,1759904,Hoodie Off White Fashion,Fashion,5,2026-02-15T19:48:54.161076
FB-5157,ORD-100385,84353197,PRELOVED Fashion today by alice norin knit top,Fashion,4,2026-02-15T16:19:54.161076
FB-5158,ORD-100387,75547289,PRELOVED Fashion Today Shirt,Fashion,4,2026-02-15T13:02:54.161076
FB-5159,ORD-100388,52822737,Woman's Fashion Atasan Y2K/Coquette,Fashion,4,2026-02-15T09:37:54.161076
FB-5160,ORD-100394,77608982,Kaos Fashion L,Fashion,5,2026-02-16T14:00:54.161076
FB-5161,ORD-100395,38992108,Fashion Today - Kemeja Crinkle Coklat,Fashion,5,2026-02-16T17:39:54.161076
FB-5162,ORD-100396,75547289,PRELOVED Fashion Today Shirt,Fashion,4,2026-02-16T16:01:54.161076
FB-5163,ORD-100399,62583289,Crewnack Off white Fashion,Fashion,5,2026-02-16T14:50:54.161076
FB-5164,ORD-100402,85984677,“You Are Gay” Fashion Brand Acrostic Graphic Tee - trashed -faded - distressed - erd - vintage - band tee,Fashion,4,2026-02-17T16:00:54.161076
FB-5165,ORD-100406,64383180,Batik keris fashion batik keris,Fashion,5,2026-02-17T20:13:54.161076
FB-5166,ORD-100409,1759904,Hoodie Off White Fashion,Fashion,5,2026-02-18T22:32:54.161076
FB-5167,ORD-100410,88243349,(NO NEGO) FRAGILE tailored faux leather shirt jacket black structured office chic vintage officewear structured top korean fashion japanese style collared shirt fitted shirt blazer style black formal polyurethane shirt minimal chic,Fashion,4,2026-02-18T19:49:54.161076
FB-5168,ORD-100411,75900751,CARDIGAN RIB/CARDIGAN CROP/CARDIGAN RAJUT/CARDIGAN WAFER/CARDIGAN WAFFLE/BY GFS (GIRL FASHION STORY),Fashion,4,2026-02-18T18:17:54.161076
FB-5169,ORD-100412,50133989,kemeja ootd jumbo bigsize preloved fashion today,Fashion,4,2026-02-18T21:43:54.161076
FB-5170,ORD-100415,1759904,Hoodie Off White Fashion,Fashion,5,2026-02-18T08:23:54.161076
FB-5171,ORD-100416,96953448,Kemeja Veterano Fashion not Caltop Pendleton Ralph Lauren Giordano,Fashion,4,2026-02-18T15:32:54.161076
FB-5172,ORD-100420,96953448,Kemeja Veterano Fashion not Caltop Pendleton Ralph Lauren Giordano,Fashion,4,2026-02-19T15:30:54.161076
FB-5173,ORD-100421,15767726,Kemeja Tnf Buat Fashion /Outdoor Original,Fashion,4,2026-02-19T18:39:54.161076
FB-5174,ORD-100427,22019397,Jaket Bomber Fashion,Fashion,4,2026-02-20T22:49:54.161076
FB-5175,ORD-100428,84353197,PRELOVED Fashion today by alice norin knit top,Fashion,4,2026-02-20T21:51:54.161076
FB-5176,ORD-100431,1759904,Hoodie Off White Fashion,Fashion,5,2026-02-20T16:32:54.161076
FB-5177,ORD-100432,42320964,Fitted Top Shirt Y2K 2000s Coquette Style | Atasan Kemeja .✦ ݁˖ sawako shoujo vintage coquette morikei fairy y2k 2000s cottage whimsical downtown girl bohemian boho etnik retro grunge emo gothic alt core korean style japanese fashion,Fashion,5,2026-02-20T21:51:54.161076
FB-5178,ORD-100434,88243349,(NO NEGO) FRAGILE tailored faux leather shirt jacket black structured office chic vintage officewear structured top korean fashion japanese style collared shirt fitted shirt blazer style black formal polyurethane shirt minimal chic,Fashion,4,2026-02-20T16:41:54.161076
FB-5179,ORD-100435,84979622,Kemeja Lengan Pendek Simon Fashion LD 92 1,Fashion,4,2026-02-20T18:06:54.161076
FB-5180,ORD-100436,76903656,KEMEJA BIRU MAX FASHION TIPE OVERSIZE,Fashion,5,2026-02-21T16:28:54.161076
FB-5181,ORD-100437,95204375,[NETT] Fashion Today kemeja putih,Fashion,4,2026-02-21T16:22:54.161076
FB-5182,ORD-100438,35925127,"Original Jersey Netherlands Away 2015 ""7 Memphis Depay"" Euro Cup Nike [sportswear, sepakbola, vintage, retro, 90s, y2k, skate, casual, fashion, atasan, unisex]",Fashion,3,2026-02-21T20:53:54.161076
FB-5183,ORD-100440,75547289,PRELOVED Fashion Today Shirt,Fashion,4,2026-02-21T15:02:54.161076
FB-5184,ORD-100442,79673141,"[M] PLAY FASHION [B4-32] - (KAOS POLO / KAOS BERKERAH) (POLO SHIRT) SECOND, THRIFT, BEKAS, PRELOVED, USED - 0uZk2cvEbQYleWOh4XCw",Fashion,5,2026-02-21T15:29:54.161076
FB-5185,ORD-100443,76903656,KEMEJA BIRU MAX FASHION TIPE OVERSIZE,Fashion,5,2026-02-21T13:25:54.161076
FB-5186,ORD-100445,38992108,Fashion Today - Kemeja Crinkle Coklat,Fashion,5,2026-02-21T19:06:54.161076
FB-5187,ORD-100446,64383180,Batik keris fashion batik keris,Fashion,5,2026-02-21T16:55:54.161076
FB-5188,ORD-100447,2090480,Fashion wanita / Atasan wanita / Kemeja / Vintage,Fashion,4,2026-02-21T17:37:54.161076
FB-5189,ORD-100449,41725166,Kaos Art Vespa Vintage Fashion Retro Klasik Baju Abu-Abu,Fashion,4,2026-02-22T17:15:54.161076
FB-5190,ORD-100450,41725166,Kaos Art Vespa Vintage Fashion Retro Klasik Baju Abu-Abu,Fashion,4,2026-02-22T13:38:54.161076
FB-5191,ORD-100452,64544318,Kemeja Tnf Lengan Panjang Fashion /Outdoor Pria Original,Fashion,4,2026-02-22T13:11:54.161076
FB-5192,ORD-100455,47393802,Hodie Champion Fashion sz M 62x57,Fashion,5,2026-02-22T15:36:54.161076
FB-5193,ORD-100457,29880574,Max Fashion shirt O neck size S,Fashion,4,2026-02-23T16:36:54.161076
FB-5194,ORD-100458,22019397,Jaket Bomber Fashion,Fashion,3,2026-02-23T22:48:54.161076
FB-5195,ORD-100461,82462371,crewneck fashion,Fashion,4,2026-02-23T18:51:54.161076
FB-5196,ORD-100465,62349101,Longsleeve Lacoste Fashion,Fashion,4,2026-02-24T15:17:54.161076
FB-5197,ORD-100467,79673141,"[M] PLAY FASHION [B4-32] - (KAOS POLO / KAOS BERKERAH) (POLO SHIRT) SECOND, THRIFT, BEKAS, PRELOVED, USED - 0uZk2cvEbQYleWOh4XCw",Fashion,4,2026-02-24T16:17:54.161076
FB-5198,ORD-100469,84979622,Kemeja Lengan Pendek Simon Fashion LD 92 1,Fashion,4,2026-02-24T21:31:54.161076
FB-5199,ORD-100472,76838306,Sex Pistols M punk Misfits Metallica Nirvana Fashion pop metal rap tee Art,Fashion,5,2026-02-25T14:35:54.161076
FB-5200,ORD-100474,25649285,Fashion NY 68 Varsity Jacket,Fashion,4,2026-02-25T19:59:54.161076
FB-5201,ORD-100477,64544318,Kemeja Tnf Lengan Panjang Fashion /Outdoor Pria Original,Fashion,4,2026-02-25T17:03:54.161076
FB-5202,ORD-100478,48838750,"Original Jersey Tottenham Hotspur ""Home"" 2014/15 #2 Walker Capital One Cup Final Under Armour [sportswear, sepakbola, vintage, retro, 90s, y2k, skate, casual, fashion, atasan, unisex]",Fashion,4,2026-02-26T14:45:54.161076
FB-5203,ORD-100479,62349101,Longsleeve Lacoste Fashion,Fashion,4,2026-02-26T12:43:54.161076
FB-5204,ORD-100481,42320964,Fitted Top Shirt Y2K 2000s Coquette Style | Atasan Kemeja .✦ ݁˖ sawako shoujo vintage coquette morikei fairy y2k 2000s cottage whimsical downtown girl bohemian boho etnik retro grunge emo gothic alt core korean style japanese fashion,Fashion,5,2026-02-26T15:06:54.161076
FB-5205,ORD-100483,88364831,Jaket parka army military green hijau m65 fashion guess,Fashion,4,2026-02-26T11:39:54.161076
FB-5206,ORD-100484,64544318,Kemeja Tnf Lengan Panjang Fashion /Outdoor Pria Original,Fashion,4,2026-02-26T13:58:54.161076
FB-5207,ORD-100486,22019397,Jaket Bomber Fashion,Fashion,4,2026-02-26T21:08:54.161076
FB-5208,ORD-100488,42320964,Fitted Top Shirt Y2K 2000s Coquette Style | Atasan Kemeja .✦ ݁˖ sawako shoujo vintage coquette morikei fairy y2k 2000s cottage whimsical downtown girl bohemian boho etnik retro grunge emo gothic alt core korean style japanese fashion,Fashion,5,2026-02-27T20:38:54.161076
FB-5209,ORD-100496,82462371,crewneck fashion,Fashion,4,2026-02-28T19:25:54.161076
FB-5210,ORD-100499,22019397,Jaket Bomber Fashion,Fashion,5,2026-02-28T14:47:54.161076
FB-5211,ORD-100502,22019397,Jaket Bomber Fashion,Fashion,4,2026-03-01T19:04:54.161076
FB-5212,ORD-100503,56293620,Atasan HANA FASHION,Fashion,5,2026-03-01T11:23:54.161076
FB-5213,ORD-100504,25649285,Fashion NY 68 Varsity Jacket,Fashion,4,2026-03-01T15:06:54.161076
FB-5214,ORD-100508,79673141,"[M] PLAY FASHION [B4-32] - (KAOS POLO / KAOS BERKERAH) (POLO SHIRT) SECOND, THRIFT, BEKAS, PRELOVED, USED - 0uZk2cvEbQYleWOh4XCw",Fashion,5,2026-03-01T14:23:54.161076
FB-5215,ORD-100515,77608982,Kaos Fashion L,Fashion,5,2026-03-02T18:13:54.161076
FB-5216,ORD-100517,96953448,Kemeja Veterano Fashion not Caltop Pendleton Ralph Lauren Giordano,Fashion,4,2026-03-02T20:44:54.161076
FB-5217,ORD-100518,95204375,[NETT] Fashion Today kemeja putih,Fashion,3,2026-03-02T16:40:54.161076
FB-5218,ORD-100520,76724915,Brand fashion jepang ills,Fashion,4,2026-03-02T18:47:54.161076
FB-5219,ORD-100523,38992108,Fashion Today - Kemeja Crinkle Coklat,Fashion,5,2026-03-03T19:51:54.161076
FB-5220,ORD-100524,47393802,Hodie Champion Fashion sz M 62x57,Fashion,5,2026-03-03T17:54:54.161076
FB-5221,ORD-100527,50133989,kemeja ootd jumbo bigsize preloved fashion today,Fashion,5,2026-03-03T12:50:54.161076
FB-5222,ORD-100528,88364831,Jaket parka army military green hijau m65 fashion guess,Fashion,4,2026-03-03T18:12:54.161076
FB-5223,ORD-100532,84979622,Kemeja Lengan Pendek Simon Fashion LD 92 1,Fashion,4,2026-03-04T15:58:54.161076
FB-5224,ORD-100533,3650811,TB fashion,Fashion,3,2026-03-04T13:39:54.161076
FB-5225,ORD-100535,1759904,Hoodie Off White Fashion,Fashion,5,2026-03-05T20:40:54.161076
FB-5226,ORD-100536,64383180,Batik keris fashion batik keris,Fashion,5,2026-03-05T18:34:54.161076
FB-5227,ORD-100543,35925127,"Original Jersey Netherlands Away 2015 ""7 Memphis Depay"" Euro Cup Nike [sportswear, sepakbola, vintage, retro, 90s, y2k, skate, casual, fashion, atasan, unisex]",Fashion,4,2026-03-06T16:12:54.161076
FB-5228,ORD-100554,75900751,CARDIGAN RIB/CARDIGAN CROP/CARDIGAN RAJUT/CARDIGAN WAFER/CARDIGAN WAFFLE/BY GFS (GIRL FASHION STORY),Fashion,3,2026-03-07T21:47:54.161076
FB-5229,ORD-100562,15767726,Kemeja Tnf Buat Fashion /Outdoor Original,Fashion,3,2026-03-08T12:39:54.161076
FB-5230,ORD-100569,93805000,Jaket parka army military green hijau m65 fashion L brenn,Fashion,5,2026-03-10T15:24:54.161076
FB-5231,ORD-100570,95204375,[NETT] Fashion Today kemeja putih,Fashion,3,2026-03-10T15:53:54.161076
FB-5232,ORD-100571,96953448,Kemeja Veterano Fashion not Caltop Pendleton Ralph Lauren Giordano,Fashion,4,2026-03-10T17:42:54.161076
FB-5233,ORD-100575,85984677,“You Are Gay” Fashion Brand Acrostic Graphic Tee - trashed -faded - distressed - erd - vintage - band tee,Fashion,5,2026-03-10T18:39:54.161076
FB-5234,ORD-100578,48838750,"Original Jersey Tottenham Hotspur ""Home"" 2014/15 #2 Walker Capital One Cup Final Under Armour [sportswear, sepakbola, vintage, retro, 90s, y2k, skate, casual, fashion, atasan, unisex]",Fashion,4,2026-03-10T14:51:54.161076
FB-5235,ORD-100579,82462371,crewneck fashion,Fashion,4,2026-03-11T14:29:54.161076
FB-5236,ORD-100580,77608982,Kaos Fashion L,Fashion,5,2026-03-11T16:26:54.161076
FB-5237,ORD-100582,62349101,Longsleeve Lacoste Fashion,Fashion,3,2026-03-11T14:22:54.161076
FB-5238,ORD-100584,84979622,Kemeja Lengan Pendek Simon Fashion LD 92 1,Fashion,4,2026-03-12T17:56:54.161076
FB-5239,ORD-100585,41510630,Jaket Hoodie pria fashion GIVE IT UP big logo hitam murah size m,Fashion,3,2026-03-12T16:23:54.161076
FB-5240,ORD-100588,50133989,kemeja ootd jumbo bigsize preloved fashion today,Fashion,4,2026-03-12T18:05:54.161076
FB-5241,ORD-100589,25577472,Hoodie fashion mall Topten broken white Authentic,Fashion,4,2026-03-12T15:33:54.161076
FB-5242,ORD-100590,95204375,[NETT] Fashion Today kemeja putih,Fashion,3,2026-03-12T13:32:54.161076
FB-5243,ORD-100591,84979622,Kemeja Lengan Pendek Simon Fashion LD 92 1,Fashion,4,2026-03-12T20:12:54.161076
FB-5244,ORD-100593,95204375,[NETT] Fashion Today kemeja putih,Fashion,4,2026-03-13T17:01:54.161076
FB-5245,ORD-100595,84353197,PRELOVED Fashion today by alice norin knit top,Fashion,3,2026-03-13T20:44:54.161076
FB-5246,ORD-100596,82462371,crewneck fashion,Fashion,3,2026-03-13T13:13:54.161076
FB-5247,ORD-100601,47393802,Hodie Champion Fashion sz M 62x57,Fashion,5,2026-03-14T16:42:54.161076
FB-5248,ORD-100602,95204375,[NETT] Fashion Today kemeja putih,Fashion,3,2026-03-14T14:30:54.161076
FB-5249,ORD-100605,50423645,Cardigan rajut fashion,Fashion,5,2026-03-14T13:31:54.161076
FB-5250,ORD-100606,76724915,Brand fashion jepang ills,Fashion,4,2026-03-14T15:45:54.161076
FB-5251,ORD-100609,93805000,Jaket parka army military green hijau m65 fashion L brenn,Fashion,4,2026-03-14T12:16:54.161076
FB-5252,ORD-100610,84353197,PRELOVED Fashion today by alice norin knit top,Fashion,4,2026-03-14T17:05:54.161076
FB-5253,ORD-100612,95204375,[NETT] Fashion Today kemeja putih,Fashion,4,2026-03-14T19:55:54.161076
FB-5254,ORD-100615,62583289,Crewnack Off white Fashion,Fashion,5,2026-03-14T15:58:54.161076
FB-5255,ORD-100616,62583289,Crewnack Off white Fashion,Fashion,4,2026-03-15T18:40:54.161076
FB-5256,ORD-100617,3650811,TB fashion,Fashion,3,2026-03-15T15:49:54.161076
FB-5257,ORD-100619,75900751,CARDIGAN RIB/CARDIGAN CROP/CARDIGAN RAJUT/CARDIGAN WAFER/CARDIGAN WAFFLE/BY GFS (GIRL FASHION STORY),Fashion,4,2026-03-15T15:00:54.161076
FB-5258,ORD-100621,31643621,"Bundling Kaos fashion volcom, insight, DC (3pcs)",Fashion,3,2026-03-15T17:44:54.161076
FB-5259,ORD-100622,88243349,(NO NEGO) FRAGILE tailored faux leather shirt jacket black structured office chic vintage officewear structured top korean fashion japanese style collared shirt fitted shirt blazer style black formal polyurethane shirt minimal chic,Fashion,4,2026-03-15T16:04:54.161076
FB-5260,ORD-100623,85984677,“You Are Gay” Fashion Brand Acrostic Graphic Tee - trashed -faded - distressed - erd - vintage - band tee,Fashion,5,2026-03-15T18:21:54.161076
FB-5261,ORD-100625,25577472,Hoodie fashion mall Topten broken white Authentic,Fashion,4,2026-03-15T19:14:54.161076
FB-5262,ORD-100626,88364831,Jaket parka army military green hijau m65 fashion guess,Fashion,5,2026-03-15T16:45:54.161076
FB-5263,ORD-100629,42320964,Fitted Top Shirt Y2K 2000s Coquette Style | Atasan Kemeja .✦ ݁˖ sawako shoujo vintage coquette morikei fairy y2k 2000s cottage whimsical downtown girl bohemian boho etnik retro grunge emo gothic alt core korean style japanese fashion,Fashion,4,2026-03-15T12:44:54.161076
FB-5264,ORD-100631,75900751,CARDIGAN RIB/CARDIGAN CROP/CARDIGAN RAJUT/CARDIGAN WAFER/CARDIGAN WAFFLE/BY GFS (GIRL FASHION STORY),Fashion,3,2026-03-16T19:46:54.161076
FB-5265,ORD-100632,75900751,CARDIGAN RIB/CARDIGAN CROP/CARDIGAN RAJUT/CARDIGAN WAFER/CARDIGAN WAFFLE/BY GFS (GIRL FASHION STORY),Fashion,4,2026-03-16T12:12:54.161076
FB-5266,ORD-100633,56293620,Atasan HANA FASHION,Fashion,4,2026-03-16T15:10:54.161076
FB-5267,ORD-100634,85984677,“You Are Gay” Fashion Brand Acrostic Graphic Tee - trashed -faded - distressed - erd - vintage - band tee,Fashion,5,2026-03-16T17:15:54.161076
FB-5268,ORD-100635,77608982,Kaos Fashion L,Fashion,4,2026-03-16T12:31:54.161076
FB-5269,ORD-100637,56293620,Atasan HANA FASHION,Fashion,4,2026-03-16T22:03:54.161076
FB-5270,ORD-100638,3650811,TB fashion,Fashion,4,2026-03-17T15:27:54.161076
FB-5271,ORD-100641,82462371,crewneck fashion,Fashion,4,2026-03-17T12:29:54.161076
FB-5272,ORD-100644,22339853,Kaos Fashion 68 Hitam,Fashion,4,2026-03-18T16:39:54.161076
FB-5273,ORD-100646,88364831,Jaket parka army military green hijau m65 fashion guess,Fashion,5,2026-03-18T20:04:54.161076
FB-5274,ORD-100647,56293620,Atasan HANA FASHION,Fashion,5,2026-03-18T19:47:54.161076
FB-5275,ORD-100650,62583289,Crewnack Off white Fashion,Fashion,5,2026-03-19T22:41:54.161076
FB-5276,ORD-100651,39613896,Hodie Fashion sz M 67x55,Fashion,4,2026-03-19T16:48:54.161076
FB-5277,ORD-100652,2090480,Fashion wanita / Atasan wanita / Kemeja / Vintage,Fashion,4,2026-03-19T14:35:54.161076
FB-5278,ORD-100653,84979622,Kemeja Lengan Pendek Simon Fashion LD 92 1,Fashion,4,2026-03-20T15:05:54.161076
FB-5279,ORD-100656,75900751,CARDIGAN RIB/CARDIGAN CROP/CARDIGAN RAJUT/CARDIGAN WAFER/CARDIGAN WAFFLE/BY GFS (GIRL FASHION STORY),Fashion,4,2026-03-20T16:29:54.161076
FB-5280,ORD-100657,41510630,Jaket Hoodie pria fashion GIVE IT UP big logo hitam murah size m,Fashion,3,2026-03-20T13:35:54.161076
FB-5281,ORD-100658,75900751,CARDIGAN RIB/CARDIGAN CROP/CARDIGAN RAJUT/CARDIGAN WAFER/CARDIGAN WAFFLE/BY GFS (GIRL FASHION STORY),Fashion,4,2026-03-20T15:06:54.161076
FB-5282,ORD-100663,48838750,"Original Jersey Tottenham Hotspur ""Home"" 2014/15 #2 Walker Capital One Cup Final Under Armour [sportswear, sepakbola, vintage, retro, 90s, y2k, skate, casual, fashion, atasan, unisex]",Fashion,4,2026-03-21T18:42:54.161076
FB-5283,ORD-100664,33235209,BKK Fashion,Fashion,5,2026-03-21T16:03:54.161076
FB-5284,ORD-100665,84353197,PRELOVED Fashion today by alice norin knit top,Fashion,3,2026-03-21T16:58:54.161076
FB-5285,ORD-100669,88364831,Jaket parka army military green hijau m65 fashion guess,Fashion,5,2026-03-21T20:53:54.161076
FB-5286,ORD-100673,88243349,(NO NEGO) FRAGILE tailored faux leather shirt jacket black structured office chic vintage officewear structured top korean fashion japanese style collared shirt fitted shirt blazer style black formal polyurethane shirt minimal chic,Fashion,3,2026-03-22T21:43:54.161076
FB-5287,ORD-100679,42320964,Fitted Top Shirt Y2K 2000s Coquette Style | Atasan Kemeja .✦ ݁˖ sawako shoujo vintage coquette morikei fairy y2k 2000s cottage whimsical downtown girl bohemian boho etnik retro grunge emo gothic alt core korean style japanese fashion,Fashion,5,2026-03-22T20:50:54.161076
FB-5288,ORD-100680,47393802,Hodie Champion Fashion sz M 62x57,Fashion,5,2026-03-22T08:39:54.161076
FB-5289,ORD-100681,50133989,kemeja ootd jumbo bigsize preloved fashion today,Fashion,4,2026-03-22T17:48:54.161076
FB-5290,ORD-100682,25577472,Hoodie fashion mall Topten broken white Authentic,Fashion,5,2026-03-23T17:11:54.161076
FB-5291,ORD-100683,67661682,Blouse fashion,Fashion,5,2026-03-23T14:10:54.161076
FB-5292,ORD-100685,62583289,Crewnack Off white Fashion,Fashion,5,2026-03-23T18:53:54.161076
FB-5293,ORD-100688,64383180,Batik keris fashion batik keris,Fashion,4,2026-03-24T13:21:54.161076
FB-5294,ORD-100691,75900751,CARDIGAN RIB/CARDIGAN CROP/CARDIGAN RAJUT/CARDIGAN WAFER/CARDIGAN WAFFLE/BY GFS (GIRL FASHION STORY),Fashion,4,2026-03-24T20:50:54.161076
FB-5295,ORD-100696,47393802,Hodie Champion Fashion sz M 62x57,Fashion,5,2026-03-24T16:47:54.161076
FB-5296,ORD-100697,64544318,Kemeja Tnf Lengan Panjang Fashion /Outdoor Pria Original,Fashion,4,2026-03-25T17:45:54.161076
FB-5297,ORD-100698,41510630,Jaket Hoodie pria fashion GIVE IT UP big logo hitam murah size m,Fashion,4,2026-03-25T13:04:54.161076
FB-5298,ORD-100700,76838306,Sex Pistols M punk Misfits Metallica Nirvana Fashion pop metal rap tee Art,Fashion,5,2026-03-25T12:46:54.161076
FB-5299,ORD-100702,67661682,Blouse fashion,Fashion,5,2026-03-25T14:48:54.161076
FB-5300,ORD-100703,50133989,kemeja ootd jumbo bigsize preloved fashion today,Fashion,4,2026-03-25T10:14:54.161076
FB-5301,ORD-100704,88364831,Jaket parka army military green hijau m65 fashion guess,Fashion,4,2026-03-25T19:40:54.161076
FB-5302,ORD-100709,76903656,KEMEJA BIRU MAX FASHION TIPE OVERSIZE,Fashion,4,2026-03-26T12:36:54.161076
FB-5303,ORD-100711,15767726,Kemeja Tnf Buat Fashion /Outdoor Original,Fashion,4,2026-03-26T12:31:54.161076
FB-5304,ORD-100715,79673141,"[M] PLAY FASHION [B4-32] - (KAOS POLO / KAOS BERKERAH) (POLO SHIRT) SECOND, THRIFT, BEKAS, PRELOVED, USED - 0uZk2cvEbQYleWOh4XCw",Fashion,5,2026-03-27T17:23:54.161076
FB-5305,ORD-100716,88364831,Jaket parka army military green hijau m65 fashion guess,Fashion,5,2026-03-27T16:49:54.161076
FB-5306,ORD-100718,88364831,Jaket parka army military green hijau m65 fashion guess,Fashion,5,2026-03-27T18:46:54.161076
FB-5307,ORD-100722,76724915,Brand fashion jepang ills,Fashion,4,2026-03-28T12:00:54.161076
FB-5308,ORD-100723,93805000,Jaket parka army military green hijau m65 fashion L brenn,Fashion,4,2026-03-28T22:48:54.161076
FB-5309,ORD-100724,67661682,Blouse fashion,Fashion,5,2026-03-28T16:55:54.161076
FB-5310,ORD-100727,95204375,[NETT] Fashion Today kemeja putih,Fashion,3,2026-03-28T20:41:54.161076
FB-5311,ORD-100730,15767726,Kemeja Tnf Buat Fashion /Outdoor Original,Fashion,4,2026-03-29T20:22:54.161076
FB-5312,ORD-100731,88243349,(NO NEGO) FRAGILE tailored faux leather shirt jacket black structured office chic vintage officewear structured top korean fashion japanese style collared shirt fitted shirt blazer style black formal polyurethane shirt minimal chic,Fashion,4,2026-03-29T17:08:54.161076
FB-5313,ORD-100732,50133989,kemeja ootd jumbo bigsize preloved fashion today,Fashion,4,2026-03-29T17:11:54.161076
FB-5314,ORD-100733,39613896,Hodie Fashion sz M 67x55,Fashion,4,2026-03-29T12:51:54.161076
FB-5315,ORD-100735,64544318,Kemeja Tnf Lengan Panjang Fashion /Outdoor Pria Original,Fashion,5,2026-03-29T10:10:54.161076
FB-5316,ORD-100736,88364831,Jaket parka army military green hijau m65 fashion guess,Fashion,5,2026-03-29T16:16:54.161076
FB-5317,ORD-100737,3650811,TB fashion,Fashion,4,2026-03-29T21:56:54.161076
FB-5318,ORD-100738,93805000,Jaket parka army military green hijau m65 fashion L brenn,Fashion,4,2026-03-29T13:30:54.161076
FB-5319,ORD-100741,50423645,Cardigan rajut fashion,Fashion,5,2026-03-30T15:12:54.161076
FB-5320,ORD-100742,31643621,"Bundling Kaos fashion volcom, insight, DC (3pcs)",Fashion,4,2026-03-30T15:06:54.161076
FB-5321,ORD-100744,22019397,Jaket Bomber Fashion,Fashion,4,2026-03-30T20:00:54.161076
FB-5322,ORD-100745,47393802,Hodie Champion Fashion sz M 62x57,Fashion,5,2026-03-30T15:33:54.161076
FB-5323,ORD-100746,76838306,Sex Pistols M punk Misfits Metallica Nirvana Fashion pop metal rap tee Art,Fashion,4,2026-03-30T18:37:54.161076
FB-5324,ORD-100748,82462371,crewneck fashion,Fashion,4,2026-03-30T15:45:54.161076
FB-5325,ORD-100749,77608982,Kaos Fashion L,Fashion,4,2026-03-30T08:44:54.161076
FB-5326,ORD-100750,45541267,Top Y2K 2000s Downtown Style | Atasan Kaos .✦ ݁˖ sawako shoujo vintage coquette morikei fairy y2k 2000s cottage whimsical downtown girl bohemian boho etnik retro grunge emo gothic alt core korean style japanese fashion,Fashion,3,2026-03-30T15:16:54.161076
FB-5327,ORD-100752,84353197,PRELOVED Fashion today by alice norin knit top,Fashion,4,2026-03-31T15:16:54.161076
FB-5328,ORD-100755,38992108,Fashion Today - Kemeja Crinkle Coklat,Fashion,5,2026-03-31T18:43:54.161076
FB-5329,ORD-100756,25649285,Fashion NY 68 Varsity Jacket,Fashion,4,2026-03-31T08:09:54.161076
FB-5330,ORD-100758,50423645,Cardigan rajut fashion,Fashion,5,2026-03-31T22:33:54.161076
FB-5331,ORD-100760,50133989,kemeja ootd jumbo bigsize preloved fashion today,Fashion,4,2026-04-01T21:12:54.161076
FB-5332,ORD-100762,85984677,“You Are Gay” Fashion Brand Acrostic Graphic Tee - trashed -faded - distressed - erd - vintage - band tee,Fashion,4,2026-04-01T22:17:54.161076
FB-5333,ORD-100763,84979622,Kemeja Lengan Pendek Simon Fashion LD 92 1,Fashion,4,2026-04-01T16:47:54.161076
FB-5334,ORD-100764,15767726,Kemeja Tnf Buat Fashion /Outdoor Original,Fashion,3,2026-04-01T18:37:54.161076
FB-5335,ORD-100766,84979622,Kemeja Lengan Pendek Simon Fashion LD 92 1,Fashion,4,2026-04-01T15:04:54.161076
FB-5336,ORD-100769,75547289,PRELOVED Fashion Today Shirt,Fashion,4,2026-04-01T21:29:54.161076
FB-5337,ORD-100772,42320964,Fitted Top Shirt Y2K 2000s Coquette Style | Atasan Kemeja .✦ ݁˖ sawako shoujo vintage coquette morikei fairy y2k 2000s cottage whimsical downtown girl bohemian boho etnik retro grunge emo gothic alt core korean style japanese fashion,Fashion,5,2026-04-02T12:52:54.161076
FB-5338,ORD-100774,96953448,Kemeja Veterano Fashion not Caltop Pendleton Ralph Lauren Giordano,Fashion,4,2026-04-03T21:47:54.161076
FB-5339,ORD-100776,79673141,"[M] PLAY FASHION [B4-32] - (KAOS POLO / KAOS BERKERAH) (POLO SHIRT) SECOND, THRIFT, BEKAS, PRELOVED, USED - 0uZk2cvEbQYleWOh4XCw",Fashion,5,2026-04-03T18:05:54.161076
FB-5340,ORD-100779,96953448,Kemeja Veterano Fashion not Caltop Pendleton Ralph Lauren Giordano,Fashion,4,2026-04-03T20:14:54.161076
FB-5341,ORD-100783,62349101,Longsleeve Lacoste Fashion,Fashion,4,2026-04-04T14:15:54.161076
FB-5342,ORD-100784,96953448,Kemeja Veterano Fashion not Caltop Pendleton Ralph Lauren Giordano,Fashion,4,2026-04-04T15:13:54.161076
FB-5343,ORD-100786,52822737,Woman's Fashion Atasan Y2K/Coquette,Fashion,5,2026-04-04T14:17:54.161076
FB-5344,ORD-100789,48838750,"Original Jersey Tottenham Hotspur ""Home"" 2014/15 #2 Walker Capital One Cup Final Under Armour [sportswear, sepakbola, vintage, retro, 90s, y2k, skate, casual, fashion, atasan, unisex]",Fashion,4,2026-04-04T18:35:54.161076
FB-5345,ORD-100790,52822737,Woman's Fashion Atasan Y2K/Coquette,Fashion,5,2026-04-04T13:16:54.161076
FB-5346,ORD-100793,47393802,Hodie Champion Fashion sz M 62x57,Fashion,5,2026-04-04T16:11:54.161076
FB-5347,ORD-100796,48838750,"Original Jersey Tottenham Hotspur ""Home"" 2014/15 #2 Walker Capital One Cup Final Under Armour [sportswear, sepakbola, vintage, retro, 90s, y2k, skate, casual, fashion, atasan, unisex]",Fashion,4,2026-04-04T17:54:54.161076
FB-5348,ORD-100797,82462371,crewneck fashion,Fashion,3,2026-04-05T14:17:54.161076
FB-5349,ORD-100800,79673141,"[M] PLAY FASHION [B4-32] - (KAOS POLO / KAOS BERKERAH) (POLO SHIRT) SECOND, THRIFT, BEKAS, PRELOVED, USED - 0uZk2cvEbQYleWOh4XCw",Fashion,4,2026-04-05T17:10:54.161076
FB-5350,ORD-100803,64544318,Kemeja Tnf Lengan Panjang Fashion /Outdoor Pria Original,Fashion,4,2026-04-05T14:28:54.161076
FB-5351,ORD-100806,88364831,Jaket parka army military green hijau m65 fashion guess,Fashion,5,2026-04-06T13:40:54.161076
FB-5352,ORD-100807,48838750,"Original Jersey Tottenham Hotspur ""Home"" 2014/15 #2 Walker Capital One Cup Final Under Armour [sportswear, sepakbola, vintage, retro, 90s, y2k, skate, casual, fashion, atasan, unisex]",Fashion,4,2026-04-06T17:58:54.161076
FB-5353,ORD-100808,88243349,(NO NEGO) FRAGILE tailored faux leather shirt jacket black structured office chic vintage officewear structured top korean fashion japanese style collared shirt fitted shirt blazer style black formal polyurethane shirt minimal chic,Fashion,4,2026-04-06T12:26:54.161076
FB-5354,ORD-100810,88243349,(NO NEGO) FRAGILE tailored faux leather shirt jacket black structured office chic vintage officewear structured top korean fashion japanese style collared shirt fitted shirt blazer style black formal polyurethane shirt minimal chic,Fashion,4,2026-04-06T17:48:54.161076
FB-5355,ORD-100816,3650811,TB fashion,Fashion,4,2026-04-07T16:44:54.161076
FB-5356,ORD-100821,25649285,Fashion NY 68 Varsity Jacket,Fashion,4,2026-04-08T16:57:54.161076
FB-5357,ORD-100823,1759904,Hoodie Off White Fashion,Fashion,5,2026-04-08T18:29:54.161076
FB-5358,ORD-100825,45541267,Top Y2K 2000s Downtown Style | Atasan Kaos .✦ ݁˖ sawako shoujo vintage coquette morikei fairy y2k 2000s cottage whimsical downtown girl bohemian boho etnik retro grunge emo gothic alt core korean style japanese fashion,Fashion,4,2026-04-08T18:07:54.161076
FB-5359,ORD-100826,56293620,Atasan HANA FASHION,Fashion,5,2026-04-08T15:42:54.161076
FB-5360,ORD-100827,38992108,Fashion Today - Kemeja Crinkle Coklat,Fashion,5,2026-04-08T15:50:54.161076
FB-5361,ORD-100831,25649285,Fashion NY 68 Varsity Jacket,Fashion,4,2026-04-09T16:31:54.161076
FB-5362,ORD-100832,76903656,KEMEJA BIRU MAX FASHION TIPE OVERSIZE,Fashion,5,2026-04-09T17:57:54.161076
FB-5363,ORD-100833,50133989,kemeja ootd jumbo bigsize preloved fashion today,Fashion,4,2026-04-09T15:16:54.161076
FB-5364,ORD-100837,56293620,Atasan HANA FASHION,Fashion,5,2026-04-09T18:46:54.161076
FB-5365,ORD-100841,15767726,Kemeja Tnf Buat Fashion /Outdoor Original,Fashion,4,2026-04-10T13:06:54.161076
FB-5366,ORD-100843,31643621,"Bundling Kaos fashion volcom, insight, DC (3pcs)",Fashion,3,2026-04-10T11:45:54.161076
FB-5367,ORD-100847,15767726,Kemeja Tnf Buat Fashion /Outdoor Original,Fashion,4,2026-04-11T13:06:54.161076
FB-5368,ORD-100848,76903656,KEMEJA BIRU MAX FASHION TIPE OVERSIZE,Fashion,5,2026-04-11T16:40:54.161076
FB-5369,ORD-100850,88243349,(NO NEGO) FRAGILE tailored faux leather shirt jacket black structured office chic vintage officewear structured top korean fashion japanese style collared shirt fitted shirt blazer style black formal polyurethane shirt minimal chic,Fashion,4,2026-04-11T15:50:54.161076
FB-5370,ORD-100851,3650811,TB fashion,Fashion,3,2026-04-11T17:38:54.161076
FB-5371,ORD-100853,95204375,[NETT] Fashion Today kemeja putih,Fashion,4,2026-04-11T19:15:54.161076
FB-5372,ORD-100858,67661682,Blouse fashion,Fashion,5,2026-04-12T13:22:54.161076
FB-5373,ORD-100860,41725166,Kaos Art Vespa Vintage Fashion Retro Klasik Baju Abu-Abu,Fashion,5,2026-04-12T20:46:54.161076
FB-5374,ORD-100861,45541267,Top Y2K 2000s Downtown Style | Atasan Kaos .✦ ݁˖ sawako shoujo vintage coquette morikei fairy y2k 2000s cottage whimsical downtown girl bohemian boho etnik retro grunge emo gothic alt core korean style japanese fashion,Fashion,4,2026-04-12T19:36:54.161076
FB-5375,ORD-100862,62349101,Longsleeve Lacoste Fashion,Fashion,5,2026-04-12T18:05:54.161076
FB-5376,ORD-100864,22019397,Jaket Bomber Fashion,Fashion,3,2026-04-12T17:00:54.161076
FB-5377,ORD-100865,48838750,"Original Jersey Tottenham Hotspur ""Home"" 2014/15 #2 Walker Capital One Cup Final Under Armour [sportswear, sepakbola, vintage, retro, 90s, y2k, skate, casual, fashion, atasan, unisex]",Fashion,4,2026-04-12T14:34:54.161076
FB-5378,ORD-100866,52822737,Woman's Fashion Atasan Y2K/Coquette,Fashion,5,2026-04-12T13:46:54.161076
FB-5379,ORD-100867,84979622,Kemeja Lengan Pendek Simon Fashion LD 92 1,Fashion,4,2026-04-12T16:27:54.161076
FB-5380,ORD-100868,76724915,Brand fashion jepang ills,Fashion,4,2026-04-12T15:47:54.161076
FB-5381,ORD-100869,25649285,Fashion NY 68 Varsity Jacket,Fashion,4,2026-04-12T15:44:54.161076
FB-5382,ORD-100872,76838306,Sex Pistols M punk Misfits Metallica Nirvana Fashion pop metal rap tee Art,Fashion,4,2026-04-13T12:27:54.161076
FB-5383,ORD-100875,50133989,kemeja ootd jumbo bigsize preloved fashion today,Fashion,3,2026-04-13T13:48:54.161076
FB-5384,ORD-100879,75547289,PRELOVED Fashion Today Shirt,Fashion,4,2026-04-14T17:24:54.161076
FB-5385,ORD-100880,33235209,BKK Fashion,Fashion,4,2026-04-14T14:12:54.161076
FB-5386,ORD-100881,42320964,Fitted Top Shirt Y2K 2000s Coquette Style | Atasan Kemeja .✦ ݁˖ sawako shoujo vintage coquette morikei fairy y2k 2000s cottage whimsical downtown girl bohemian boho etnik retro grunge emo gothic alt core korean style japanese fashion,Fashion,5,2026-04-14T17:24:54.161076
FB-5387,ORD-100884,45541267,Top Y2K 2000s Downtown Style | Atasan Kaos .✦ ݁˖ sawako shoujo vintage coquette morikei fairy y2k 2000s cottage whimsical downtown girl bohemian boho etnik retro grunge emo gothic alt core korean style japanese fashion,Fashion,4,2026-04-15T12:29:54.161076
FB-5388,ORD-100885,84353197,PRELOVED Fashion today by alice norin knit top,Fashion,4,2026-04-15T14:21:54.161076
FB-5389,ORD-100888,1759904,Hoodie Off White Fashion,Fashion,5,2026-04-16T10:17:54.161076
FB-5390,ORD-100890,31643621,"Bundling Kaos fashion volcom, insight, DC (3pcs)",Fashion,3,2026-04-16T17:15:54.161076
FB-5391,ORD-100893,88364831,Jaket parka army military green hijau m65 fashion guess,Fashion,4,2026-04-16T16:58:54.161076
FB-5392,ORD-100894,62583289,Crewnack Off white Fashion,Fashion,5,2026-04-16T13:34:54.161076
FB-5393,ORD-100900,64544318,Kemeja Tnf Lengan Panjang Fashion /Outdoor Pria Original,Fashion,4,2026-04-18T16:12:54.161076
FB-5394,ORD-100902,76903656,KEMEJA BIRU MAX FASHION TIPE OVERSIZE,Fashion,5,2026-04-18T18:59:54.161076
FB-5395,ORD-100904,76838306,Sex Pistols M punk Misfits Metallica Nirvana Fashion pop metal rap tee Art,Fashion,5,2026-04-18T18:20:54.161076
FB-5396,ORD-100909,29880574,Max Fashion shirt O neck size S,Fashion,4,2026-04-19T20:57:54.161076
FB-5397,ORD-100911,33235209,BKK Fashion,Fashion,4,2026-04-19T12:28:54.161076
FB-5398,ORD-100917,62583289,Crewnack Off white Fashion,Fashion,5,2026-04-19T18:19:54.161076
FB-5399,ORD-100919,88364831,Jaket parka army military green hijau m65 fashion guess,Fashion,5,2026-04-19T18:31:54.161076
FB-5400,ORD-100920,2090480,Fashion wanita / Atasan wanita / Kemeja / Vintage,Fashion,4,2026-04-19T20:37:54.161076
FB-5401,ORD-100921,93805000,Jaket parka army military green hijau m65 fashion L brenn,Fashion,4,2026-04-19T11:15:54.161076
FB-5402,ORD-100924,50423645,Cardigan rajut fashion,Fashion,4,2026-04-20T11:11:54.161076
FB-5403,ORD-100925,39613896,Hodie Fashion sz M 67x55,Fashion,4,2026-04-20T17:50:54.161076
FB-5404,ORD-100929,31643621,"Bundling Kaos fashion volcom, insight, DC (3pcs)",Fashion,4,2026-04-21T11:40:54.161076
FB-5405,ORD-100932,88364831,Jaket parka army military green hijau m65 fashion guess,Fashion,4,2026-04-22T18:51:54.161076
FB-5406,ORD-100933,3650811,TB fashion,Fashion,4,2026-04-22T14:07:54.161076
FB-5407,ORD-100934,35925127,"Original Jersey Netherlands Away 2015 ""7 Memphis Depay"" Euro Cup Nike [sportswear, sepakbola, vintage, retro, 90s, y2k, skate, casual, fashion, atasan, unisex]",Fashion,3,2026-04-22T18:39:54.161076
FB-5408,ORD-100936,48838750,"Original Jersey Tottenham Hotspur ""Home"" 2014/15 #2 Walker Capital One Cup Final Under Armour [sportswear, sepakbola, vintage, retro, 90s, y2k, skate, casual, fashion, atasan, unisex]",Fashion,4,2026-04-22T18:32:54.161076
FB-5409,ORD-100937,84353197,PRELOVED Fashion today by alice norin knit top,Fashion,4,2026-04-22T17:46:54.161076
FB-5410,ORD-100941,31643621,"Bundling Kaos fashion volcom, insight, DC (3pcs)",Fashion,4,2026-04-23T14:13:54.161076
FB-5411,ORD-100942,52822737,Woman's Fashion Atasan Y2K/Coquette,Fashion,5,2026-04-23T20:09:54.161076
FB-5412,ORD-100943,96953448,Kemeja Veterano Fashion not Caltop Pendleton Ralph Lauren Giordano,Fashion,3,2026-04-23T15:10:54.161076
FB-5413,ORD-100946,50133989,kemeja ootd jumbo bigsize preloved fashion today,Fashion,3,2026-04-23T16:23:54.161076
FB-5414,ORD-100950,38992108,Fashion Today - Kemeja Crinkle Coklat,Fashion,5,2026-04-24T17:00:54.161076
FB-5415,ORD-100951,41725166,Kaos Art Vespa Vintage Fashion Retro Klasik Baju Abu-Abu,Fashion,4,2026-04-24T16:29:54.161076
FB-5416,ORD-100952,85984677,“You Are Gay” Fashion Brand Acrostic Graphic Tee - trashed -faded - distressed - erd - vintage - band tee,Fashion,4,2026-04-24T18:48:54.161076
FB-5417,ORD-100955,75900751,CARDIGAN RIB/CARDIGAN CROP/CARDIGAN RAJUT/CARDIGAN WAFER/CARDIGAN WAFFLE/BY GFS (GIRL FASHION STORY),Fashion,4,2026-04-25T16:17:54.161076
FB-5418,ORD-100956,62583289,Crewnack Off white Fashion,Fashion,5,2026-04-25T16:19:54.161076
FB-5419,ORD-100961,29880574,Max Fashion shirt O neck size S,Fashion,5,2026-04-25T18:06:54.161076
FB-5420,ORD-100962,29880574,Max Fashion shirt O neck size S,Fashion,4,2026-04-25T18:14:54.161076
FB-5421,ORD-100969,52822737,Woman's Fashion Atasan Y2K/Coquette,Fashion,5,2026-04-26T14:04:54.161076
FB-5422,ORD-100970,52822737,Woman's Fashion Atasan Y2K/Coquette,Fashion,5,2026-04-26T17:06:54.161076
FB-5423,ORD-100971,50133989,kemeja ootd jumbo bigsize preloved fashion today,Fashion,4,2026-04-26T11:52:54.161076
FB-5424,ORD-100972,50423645,Cardigan rajut fashion,Fashion,5,2026-04-26T16:05:54.161076
FB-5425,ORD-100974,93805000,Jaket parka army military green hijau m65 fashion L brenn,Fashion,5,2026-04-27T15:12:54.161076
FB-5426,ORD-100978,25649285,Fashion NY 68 Varsity Jacket,Fashion,4,2026-04-27T22:18:54.161076
FB-5427,ORD-100980,1759904,Hoodie Off White Fashion,Fashion,5,2026-04-28T13:35:54.161076
FB-5428,ORD-100984,29880574,Max Fashion shirt O neck size S,Fashion,5,2026-04-29T21:29:54.161076
FB-5429,ORD-100985,67661682,Blouse fashion,Fashion,5,2026-04-29T15:27:54.161076
FB-5430,ORD-100986,50423645,Cardigan rajut fashion,Fashion,4,2026-04-29T18:17:54.161076
FB-5431,ORD-100987,64383180,Batik keris fashion batik keris,Fashion,4,2026-04-30T10:23:54.161076
FB-5432,ORD-100988,22019397,Jaket Bomber Fashion,Fashion,3,2026-04-30T11:33:54.161076
FB-5433,ORD-100989,96953448,Kemeja Veterano Fashion not Caltop Pendleton Ralph Lauren Giordano,Fashion,4,2026-04-30T20:30:54.161076
FB-5434,ORD-100990,48838750,"Original Jersey Tottenham Hotspur ""Home"" 2014/15 #2 Walker Capital One Cup Final Under Armour [sportswear, sepakbola, vintage, retro, 90s, y2k, skate, casual, fashion, atasan, unisex]",Fashion,4,2026-04-30T11:51:54.161076
FB-5435,ORD-100992,29880574,Max Fashion shirt O neck size S,Fashion,5,2026-04-30T18:51:54.161076
FB-5436,ORD-100995,76724915,Brand fashion jepang ills,Fashion,4,2026-04-30T14:32:54.161076
FB-5437,ORD-100997,22019397,Jaket Bomber Fashion,Fashion,4,2026-05-01T18:23:54.161076
FB-5438,ORD-101000,22339853,Kaos Fashion 68 Hitam,Fashion,4,2026-05-02T15:13:54.161076
FB-5439,ORD-101002,25649285,Fashion NY 68 Varsity Jacket,Fashion,3,2026-05-02T14:48:54.161076
FB-5440,ORD-101004,76838306,Sex Pistols M punk Misfits Metallica Nirvana Fashion pop metal rap tee Art,Fashion,5,2026-05-02T15:33:54.161076
FB-5441,ORD-101006,76838306,Sex Pistols M punk Misfits Metallica Nirvana Fashion pop metal rap tee Art,Fashion,5,2026-05-02T14:51:54.161076
FB-5442,ORD-101007,62349101,Longsleeve Lacoste Fashion,Fashion,4,2026-05-02T16:15:54.161076
FB-5443,ORD-101008,47393802,Hodie Champion Fashion sz M 62x57,Fashion,4,2026-05-02T15:11:54.161076
FB-5444,ORD-101010,31643621,"Bundling Kaos fashion volcom, insight, DC (3pcs)",Fashion,4,2026-05-02T13:12:54.161076
FB-5445,ORD-101012,38992108,Fashion Today - Kemeja Crinkle Coklat,Fashion,4,2026-05-02T17:54:54.161076
FB-5446,ORD-101017,56293620,Atasan HANA FASHION,Fashion,5,2026-05-03T15:59:54.161076
FB-5447,ORD-101018,25577472,Hoodie fashion mall Topten broken white Authentic,Fashion,5,2026-05-03T16:49:54.161076
FB-5448,ORD-101019,76838306,Sex Pistols M punk Misfits Metallica Nirvana Fashion pop metal rap tee Art,Fashion,4,2026-05-03T20:06:54.161076
FB-5449,ORD-101020,85984677,“You Are Gay” Fashion Brand Acrostic Graphic Tee - trashed -faded - distressed - erd - vintage - band tee,Fashion,5,2026-05-03T14:57:54.161076
FB-5450,ORD-101022,62583289,Crewnack Off white Fashion,Fashion,5,2026-05-03T16:49:54.161076
FB-5451,ORD-101027,82462371,crewneck fashion,Fashion,4,2026-05-03T14:35:54.161076
FB-5452,ORD-101034,33235209,BKK Fashion,Fashion,5,2026-05-04T18:01:54.161076
FB-5453,ORD-101035,75900751,CARDIGAN RIB/CARDIGAN CROP/CARDIGAN RAJUT/CARDIGAN WAFER/CARDIGAN WAFFLE/BY GFS (GIRL FASHION STORY),Fashion,3,2026-05-05T12:03:54.161076
FB-5454,ORD-101037,62349101,Longsleeve Lacoste Fashion,Fashion,4,2026-05-05T17:12:54.161076
FB-5455,ORD-101040,85984677,“You Are Gay” Fashion Brand Acrostic Graphic Tee - trashed -faded - distressed - erd - vintage - band tee,Fashion,5,2026-05-05T12:26:54.161076
FB-5456,ORD-101044,76724915,Brand fashion jepang ills,Fashion,4,2026-05-05T18:13:54.161076
FB-5457,ORD-101046,85984677,“You Are Gay” Fashion Brand Acrostic Graphic Tee - trashed -faded - distressed - erd - vintage - band tee,Fashion,5,2026-05-06T17:52:54.161076
FB-5458,ORD-101047,41725166,Kaos Art Vespa Vintage Fashion Retro Klasik Baju Abu-Abu,Fashion,4,2026-05-06T14:33:54.161076
FB-5459,ORD-101057,75900751,CARDIGAN RIB/CARDIGAN CROP/CARDIGAN RAJUT/CARDIGAN WAFER/CARDIGAN WAFFLE/BY GFS (GIRL FASHION STORY),Fashion,3,2026-05-07T12:40:54.161076
FB-5460,ORD-101058,88243349,(NO NEGO) FRAGILE tailored faux leather shirt jacket black structured office chic vintage officewear structured top korean fashion japanese style collared shirt fitted shirt blazer style black formal polyurethane shirt minimal chic,Fashion,4,2026-05-07T12:03:54.161076
FB-5461,ORD-101060,76724915,Brand fashion jepang ills,Fashion,5,2026-05-08T17:10:54.161076
FB-5462,ORD-101066,50133989,kemeja ootd jumbo bigsize preloved fashion today,Fashion,4,2026-05-09T18:26:54.161076
FB-5463,ORD-101067,38992108,Fashion Today - Kemeja Crinkle Coklat,Fashion,5,2026-05-09T17:30:54.161076
FB-5464,ORD-101070,95204375,[NETT] Fashion Today kemeja putih,Fashion,4,2026-05-09T08:24:54.161076
FB-5465,ORD-101071,42320964,Fitted Top Shirt Y2K 2000s Coquette Style | Atasan Kemeja .✦ ݁˖ sawako shoujo vintage coquette morikei fairy y2k 2000s cottage whimsical downtown girl bohemian boho etnik retro grunge emo gothic alt core korean style japanese fashion,Fashion,5,2026-05-09T15:39:54.161076
FB-5466,ORD-101072,64383180,Batik keris fashion batik keris,Fashion,4,2026-05-09T17:21:54.161076
FB-5467,ORD-101074,95204375,[NETT] Fashion Today kemeja putih,Fashion,4,2026-05-09T15:45:54.161076
FB-5468,ORD-101075,84353197,PRELOVED Fashion today by alice norin knit top,Fashion,4,2026-05-10T22:07:54.161076
FB-5469,ORD-101079,64383180,Batik keris fashion batik keris,Fashion,4,2026-05-10T14:51:54.161076
FB-5470,ORD-101080,47393802,Hodie Champion Fashion sz M 62x57,Fashion,5,2026-05-10T21:57:54.161076
FB-5471,ORD-101082,62349101,Longsleeve Lacoste Fashion,Fashion,4,2026-05-10T13:13:54.161076
FB-5472,ORD-101083,31643621,"Bundling Kaos fashion volcom, insight, DC (3pcs)",Fashion,3,2026-05-10T15:59:54.161076
FB-5473,ORD-101085,35925127,"Original Jersey Netherlands Away 2015 ""7 Memphis Depay"" Euro Cup Nike [sportswear, sepakbola, vintage, retro, 90s, y2k, skate, casual, fashion, atasan, unisex]",Fashion,3,2026-05-11T21:26:54.161076
FB-5474,ORD-101087,31643621,"Bundling Kaos fashion volcom, insight, DC (3pcs)",Fashion,4,2026-05-11T14:50:54.161076
FB-5475,ORD-101092,95204375,[NETT] Fashion Today kemeja putih,Fashion,4,2026-05-13T10:22:54.161076
FB-5476,ORD-101093,62583289,Crewnack Off white Fashion,Fashion,5,2026-05-13T13:58:54.161076
FB-5477,ORD-101094,35925127,"Original Jersey Netherlands Away 2015 ""7 Memphis Depay"" Euro Cup Nike [sportswear, sepakbola, vintage, retro, 90s, y2k, skate, casual, fashion, atasan, unisex]",Fashion,4,2026-05-13T13:20:54.161076
FB-5478,ORD-101095,62583289,Crewnack Off white Fashion,Fashion,5,2026-05-13T22:45:54.161076
FB-5479,ORD-101097,93805000,Jaket parka army military green hijau m65 fashion L brenn,Fashion,5,2026-05-13T20:44:54.161076
FB-5480,ORD-101099,84979622,Kemeja Lengan Pendek Simon Fashion LD 92 1,Fashion,4,2026-05-14T15:38:54.161076
FB-5481,ORD-101102,25577472,Hoodie fashion mall Topten broken white Authentic,Fashion,5,2026-05-15T16:42:54.161076
FB-5482,ORD-101103,95204375,[NETT] Fashion Today kemeja putih,Fashion,3,2026-05-15T15:00:54.161076
FB-5483,ORD-101104,76724915,Brand fashion jepang ills,Fashion,4,2026-05-15T15:13:54.161076
FB-5484,ORD-101109,3650811,TB fashion,Fashion,4,2026-05-15T18:11:54.161076
FB-5485,ORD-101110,1759904,Hoodie Off White Fashion,Fashion,5,2026-05-15T19:37:54.161076
FB-5486,ORD-101112,41725166,Kaos Art Vespa Vintage Fashion Retro Klasik Baju Abu-Abu,Fashion,4,2026-05-16T16:57:54.161076
FB-5487,ORD-101113,76724915,Brand fashion jepang ills,Fashion,4,2026-05-16T17:07:54.161076
FB-5488,ORD-101117,25649285,Fashion NY 68 Varsity Jacket,Fashion,4,2026-05-16T17:03:54.161076
FB-5489,ORD-101118,96953448,Kemeja Veterano Fashion not Caltop Pendleton Ralph Lauren Giordano,Fashion,4,2026-05-16T21:18:54.161076
FB-5490,ORD-101122,33235209,BKK Fashion,Fashion,5,2026-05-16T12:49:54.161076
FB-5491,ORD-101123,22339853,Kaos Fashion 68 Hitam,Fashion,5,2026-05-17T12:14:54.161076
FB-5492,ORD-101128,3650811,TB fashion,Fashion,4,2026-05-17T19:54:54.161076
FB-5493,ORD-101131,76838306,Sex Pistols M punk Misfits Metallica Nirvana Fashion pop metal rap tee Art,Fashion,5,2026-05-17T18:03:54.161076
FB-5494,ORD-101132,75547289,PRELOVED Fashion Today Shirt,Fashion,4,2026-05-17T11:48:54.161076
FB-5495,ORD-101137,25577472,Hoodie fashion mall Topten broken white Authentic,Fashion,5,2026-05-17T18:46:54.161076
FB-5496,ORD-101138,38992108,Fashion Today - Kemeja Crinkle Coklat,Fashion,5,2026-05-18T16:11:54.161076
FB-5497,ORD-101141,22019397,Jaket Bomber Fashion,Fashion,3,2026-05-18T15:46:54.161076
FB-5498,ORD-101144,76838306,Sex Pistols M punk Misfits Metallica Nirvana Fashion pop metal rap tee Art,Fashion,5,2026-05-19T19:43:54.161076
FB-5499,ORD-101147,39613896,Hodie Fashion sz M 67x55,Fashion,4,2026-05-20T15:25:54.161076
FB-5500,ORD-101150,75547289,PRELOVED Fashion Today Shirt,Fashion,3,2026-05-20T22:09:54.161076
FB-5501,ORD-101151,29880574,Max Fashion shirt O neck size S,Fashion,5,2026-05-20T16:08:54.161076
FB-5502,ORD-101152,35925127,"Original Jersey Netherlands Away 2015 ""7 Memphis Depay"" Euro Cup Nike [sportswear, sepakbola, vintage, retro, 90s, y2k, skate, casual, fashion, atasan, unisex]",Fashion,4,2026-05-20T11:11:54.161076
FB-5503,ORD-101153,50423645,Cardigan rajut fashion,Fashion,4,2026-05-21T17:04:54.161076
FB-5504,ORD-101157,50133989,kemeja ootd jumbo bigsize preloved fashion today,Fashion,4,2026-05-21T16:35:54.161076
FB-5505,ORD-101158,93805000,Jaket parka army military green hijau m65 fashion L brenn,Fashion,4,2026-05-21T17:08:54.161076
FB-5506,ORD-101163,33235209,BKK Fashion,Fashion,4,2026-05-22T15:22:54.161076
FB-5507,ORD-101164,88243349,(NO NEGO) FRAGILE tailored faux leather shirt jacket black structured office chic vintage officewear structured top korean fashion japanese style collared shirt fitted shirt blazer style black formal polyurethane shirt minimal chic,Fashion,4,2026-05-22T14:19:54.161076
FB-5508,ORD-101165,33235209,BKK Fashion,Fashion,4,2026-05-22T19:10:54.161076
FB-5509,ORD-101169,41510630,Jaket Hoodie pria fashion GIVE IT UP big logo hitam murah size m,Fashion,4,2026-05-23T17:19:54.161076
FB-5510,ORD-101171,64383180,Batik keris fashion batik keris,Fashion,4,2026-05-23T14:51:54.161076
FB-5511,ORD-101173,41510630,Jaket Hoodie pria fashion GIVE IT UP big logo hitam murah size m,Fashion,4,2026-05-23T16:22:54.161076
FB-5512,ORD-101175,45541267,Top Y2K 2000s Downtown Style | Atasan Kaos .✦ ݁˖ sawako shoujo vintage coquette morikei fairy y2k 2000s cottage whimsical downtown girl bohemian boho etnik retro grunge emo gothic alt core korean style japanese fashion,Fashion,4,2026-05-23T17:48:54.161076
FB-5513,ORD-101177,2090480,Fashion wanita / Atasan wanita / Kemeja / Vintage,Fashion,4,2026-05-23T18:59:54.161076
FB-5514,ORD-101182,50423645,Cardigan rajut fashion,Fashion,4,2026-05-24T13:51:54.161076
FB-5515,ORD-101187,22339853,Kaos Fashion 68 Hitam,Fashion,5,2026-05-24T20:53:54.161076
FB-5516,ORD-101190,50423645,Cardigan rajut fashion,Fashion,5,2026-05-24T15:24:54.161076
FB-5517,ORD-101191,79673141,"[M] PLAY FASHION [B4-32] - (KAOS POLO / KAOS BERKERAH) (POLO SHIRT) SECOND, THRIFT, BEKAS, PRELOVED, USED - 0uZk2cvEbQYleWOh4XCw",Fashion,5,2026-05-24T12:17:54.161076
FB-5518,ORD-101194,62583289,Crewnack Off white Fashion,Fashion,5,2026-05-24T19:57:54.161076
FB-5519,ORD-101197,47393802,Hodie Champion Fashion sz M 62x57,Fashion,5,2026-05-24T19:58:54.161076
FB-5520,ORD-101198,56293620,Atasan HANA FASHION,Fashion,5,2026-05-25T18:55:54.161076
FB-5521,ORD-101202,39613896,Hodie Fashion sz M 67x55,Fashion,4,2026-05-25T15:52:54.161076
FB-5522,ORD-101203,84353197,PRELOVED Fashion today by alice norin knit top,Fashion,4,2026-05-25T09:41:54.161076
FB-5523,ORD-101205,41725166,Kaos Art Vespa Vintage Fashion Retro Klasik Baju Abu-Abu,Fashion,4,2026-05-25T13:49:54.161076
FB-5524,ORD-101210,76903656,KEMEJA BIRU MAX FASHION TIPE OVERSIZE,Fashion,5,2026-05-26T13:10:54.161076
FB-5525,ORD-101211,25649285,Fashion NY 68 Varsity Jacket,Fashion,4,2026-05-26T14:23:54.161076
FB-5526,ORD-101215,38992108,Fashion Today - Kemeja Crinkle Coklat,Fashion,4,2026-05-26T17:26:54.161076
FB-5527,ORD-101218,42320964,Fitted Top Shirt Y2K 2000s Coquette Style | Atasan Kemeja .✦ ݁˖ sawako shoujo vintage coquette morikei fairy y2k 2000s cottage whimsical downtown girl bohemian boho etnik retro grunge emo gothic alt core korean style japanese fashion,Fashion,4,2026-05-27T15:38:54.161076
FB-5528,ORD-101220,88243349,(NO NEGO) FRAGILE tailored faux leather shirt jacket black structured office chic vintage officewear structured top korean fashion japanese style collared shirt fitted shirt blazer style black formal polyurethane shirt minimal chic,Fashion,4,2026-05-27T21:47:54.161076
FB-5529,ORD-101222,95204375,[NETT] Fashion Today kemeja putih,Fashion,4,2026-05-27T10:10:54.161076
FB-5530,ORD-101226,56293620,Atasan HANA FASHION,Fashion,4,2026-05-28T13:31:54.161076
FB-5531,ORD-101227,62583289,Crewnack Off white Fashion,Fashion,5,2026-05-28T17:12:54.161076
FB-5532,ORD-101228,62583289,Crewnack Off white Fashion,Fashion,4,2026-05-28T16:29:54.161076
FB-5533,ORD-101229,76838306,Sex Pistols M punk Misfits Metallica Nirvana Fashion pop metal rap tee Art,Fashion,5,2026-05-28T16:45:54.161076
FB-5534,ORD-101231,88243349,(NO NEGO) FRAGILE tailored faux leather shirt jacket black structured office chic vintage officewear structured top korean fashion japanese style collared shirt fitted shirt blazer style black formal polyurethane shirt minimal chic,Fashion,4,2026-05-28T13:32:54.161076
FB-5535,ORD-101234,41510630,Jaket Hoodie pria fashion GIVE IT UP big logo hitam murah size m,Fashion,3,2026-05-29T17:37:54.161076
FB-5536,ORD-101236,75547289,PRELOVED Fashion Today Shirt,Fashion,4,2026-05-29T16:02:54.161076
FB-5537,ORD-101239,15767726,Kemeja Tnf Buat Fashion /Outdoor Original,Fashion,3,2026-05-30T12:15:54.161076
FB-5538,ORD-101241,64544318,Kemeja Tnf Lengan Panjang Fashion /Outdoor Pria Original,Fashion,4,2026-05-30T12:27:54.161076
FB-5539,ORD-101243,67661682,Blouse fashion,Fashion,5,2026-05-30T15:38:54.161076
FB-5540,ORD-101244,76838306,Sex Pistols M punk Misfits Metallica Nirvana Fashion pop metal rap tee Art,Fashion,4,2026-05-30T15:40:54.161076
FB-5541,ORD-101246,47393802,Hodie Champion Fashion sz M 62x57,Fashion,5,2026-05-30T16:05:54.161076
FB-5542,ORD-101247,29880574,Max Fashion shirt O neck size S,Fashion,4,2026-05-31T16:08:54.161076
FB-5543,ORD-101249,84353197,PRELOVED Fashion today by alice norin knit top,Fashion,4,2026-05-31T12:06:54.161076
FB-5544,ORD-101250,29880574,Max Fashion shirt O neck size S,Fashion,5,2026-05-31T14:05:54.161076
FB-5545,ORD-101252,84979622,Kemeja Lengan Pendek Simon Fashion LD 92 1,Fashion,3,2026-05-31T17:46:54.161076
FB-5546,ORD-101253,29880574,Max Fashion shirt O neck size S,Fashion,4,2026-05-31T19:58:54.161076
FB-5547,ORD-101254,3650811,TB fashion,Fashion,4,2026-05-31T22:43:54.161076
FB-5548,ORD-101259,42320964,Fitted Top Shirt Y2K 2000s Coquette Style | Atasan Kemeja .✦ ݁˖ sawako shoujo vintage coquette morikei fairy y2k 2000s cottage whimsical downtown girl bohemian boho etnik retro grunge emo gothic alt core korean style japanese fashion,Fashion,5,2026-06-01T13:41:54.161076
FB-5549,ORD-101260,79673141,"[M] PLAY FASHION [B4-32] - (KAOS POLO / KAOS BERKERAH) (POLO SHIRT) SECOND, THRIFT, BEKAS, PRELOVED, USED - 0uZk2cvEbQYleWOh4XCw",Fashion,5,2026-06-01T18:19:54.161076
FB-5550,ORD-101263,84979622,Kemeja Lengan Pendek Simon Fashion LD 92 1,Fashion,4,2026-06-02T17:26:54.161076
FB-5551,ORD-101265,84979622,Kemeja Lengan Pendek Simon Fashion LD 92 1,Fashion,4,2026-06-02T17:52:54.161076
FB-5552,ORD-101266,2090480,Fashion wanita / Atasan wanita / Kemeja / Vintage,Fashion,4,2026-06-02T09:35:54.161076
FB-5553,ORD-101267,15767726,Kemeja Tnf Buat Fashion /Outdoor Original,Fashion,4,2026-06-02T20:39:54.161076
FB-5554,ORD-101268,64544318,Kemeja Tnf Lengan Panjang Fashion /Outdoor Pria Original,Fashion,4,2026-06-02T09:12:54.161076
FB-5555,ORD-101272,39613896,Hodie Fashion sz M 67x55,Fashion,4,2026-06-03T18:08:54.161076
FB-5556,ORD-101273,3650811,TB fashion,Fashion,3,2026-06-03T12:31:54.161076
FB-5557,ORD-101274,41725166,Kaos Art Vespa Vintage Fashion Retro Klasik Baju Abu-Abu,Fashion,4,2026-06-03T22:16:54.161076
FB-5558,ORD-101276,15767726,Kemeja Tnf Buat Fashion /Outdoor Original,Fashion,3,2026-06-03T14:31:54.161076
FB-5559,ORD-101285,96953448,Kemeja Veterano Fashion not Caltop Pendleton Ralph Lauren Giordano,Fashion,4,2026-06-04T15:09:54.161076
FB-5560,ORD-101287,31643621,"Bundling Kaos fashion volcom, insight, DC (3pcs)",Fashion,3,2026-06-05T10:00:54.161076
FB-5561,ORD-101293,62583289,Crewnack Off white Fashion,Fashion,5,2026-06-05T13:50:54.161076
FB-5562,ORD-101296,88364831,Jaket parka army military green hijau m65 fashion guess,Fashion,5,2026-06-05T13:19:54.161076
FB-5563,ORD-101299,25649285,Fashion NY 68 Varsity Jacket,Fashion,4,2026-06-06T16:48:54.161076
FB-5564,ORD-101302,93805000,Jaket parka army military green hijau m65 fashion L brenn,Fashion,4,2026-06-06T15:50:54.161076
FB-5565,ORD-101306,38992108,Fashion Today - Kemeja Crinkle Coklat,Fashion,5,2026-06-06T16:33:54.161076
FB-5566,ORD-101308,2090480,Fashion wanita / Atasan wanita / Kemeja / Vintage,Fashion,4,2026-06-06T13:31:54.161076
FB-5567,ORD-101310,29880574,Max Fashion shirt O neck size S,Fashion,4,2026-06-06T21:07:54.161076
FB-5568,ORD-101311,50423645,Cardigan rajut fashion,Fashion,4,2026-06-06T15:33:54.161076
FB-5569,ORD-101313,62583289,Crewnack Off white Fashion,Fashion,4,2026-06-07T21:18:54.161076
FB-5570,ORD-101318,82462371,crewneck fashion,Fashion,3,2026-06-07T15:25:54.161076
FB-5571,ORD-101321,41725166,Kaos Art Vespa Vintage Fashion Retro Klasik Baju Abu-Abu,Fashion,4,2026-06-07T16:39:54.161076
FB-5572,ORD-101324,79673141,"[M] PLAY FASHION [B4-32] - (KAOS POLO / KAOS BERKERAH) (POLO SHIRT) SECOND, THRIFT, BEKAS, PRELOVED, USED - 0uZk2cvEbQYleWOh4XCw",Fashion,5,2026-06-08T16:34:54.161076
FB-5573,ORD-101326,3650811,TB fashion,Fashion,4,2026-06-09T14:07:54.161076
FB-5574,ORD-101329,35925127,"Original Jersey Netherlands Away 2015 ""7 Memphis Depay"" Euro Cup Nike [sportswear, sepakbola, vintage, retro, 90s, y2k, skate, casual, fashion, atasan, unisex]",Fashion,4,2026-06-09T12:57:54.161076
FB-5575,ORD-101331,50423645,Cardigan rajut fashion,Fashion,5,2026-06-09T18:07:54.161076
FB-5576,ORD-101332,96953448,Kemeja Veterano Fashion not Caltop Pendleton Ralph Lauren Giordano,Fashion,3,2026-06-09T15:26:54.161076
FB-5577,ORD-101334,62349101,Longsleeve Lacoste Fashion,Fashion,4,2026-06-09T18:26:54.161076
FB-5578,ORD-101335,82462371,crewneck fashion,Fashion,4,2026-06-10T18:34:54.161076
FB-5579,ORD-101337,85984677,“You Are Gay” Fashion Brand Acrostic Graphic Tee - trashed -faded - distressed - erd - vintage - band tee,Fashion,4,2026-06-10T19:10:54.161076
FB-5580,ORD-101340,85984677,“You Are Gay” Fashion Brand Acrostic Graphic Tee - trashed -faded - distressed - erd - vintage - band tee,Fashion,5,2026-06-10T11:44:54.161076
FB-5581,ORD-101343,56293620,Atasan HANA FASHION,Fashion,5,2026-06-10T14:20:54.161076
FB-5582,ORD-101345,50423645,Cardigan rajut fashion,Fashion,4,2026-06-11T17:57:54.161076
FB-5583,ORD-101349,42320964,Fitted Top Shirt Y2K 2000s Coquette Style | Atasan Kemeja .✦ ݁˖ sawako shoujo vintage coquette morikei fairy y2k 2000s cottage whimsical downtown girl bohemian boho etnik retro grunge emo gothic alt core korean style japanese fashion,Fashion,5,2026-06-12T15:00:54.161076
FB-5584,ORD-101350,76903656,KEMEJA BIRU MAX FASHION TIPE OVERSIZE,Fashion,5,2026-06-12T17:12:54.161076
FB-5585,ORD-101351,82462371,crewneck fashion,Fashion,4,2026-06-12T19:31:54.161076
FB-5586,ORD-101352,85984677,“You Are Gay” Fashion Brand Acrostic Graphic Tee - trashed -faded - distressed - erd - vintage - band tee,Fashion,5,2026-06-13T17:12:54.161076
FB-5587,ORD-101354,25577472,Hoodie fashion mall Topten broken white Authentic,Fashion,5,2026-06-13T17:04:54.161076
FB-5588,ORD-101357,47393802,Hodie Champion Fashion sz M 62x57,Fashion,4,2026-06-13T16:27:54.161076
FB-5589,ORD-101358,64544318,Kemeja Tnf Lengan Panjang Fashion /Outdoor Pria Original,Fashion,5,2026-06-13T19:54:54.161076
FB-5590,ORD-101361,45541267,Top Y2K 2000s Downtown Style | Atasan Kaos .✦ ݁˖ sawako shoujo vintage coquette morikei fairy y2k 2000s cottage whimsical downtown girl bohemian boho etnik retro grunge emo gothic alt core korean style japanese fashion,Fashion,3,2026-06-13T11:01:54.161076
FB-5591,ORD-101363,41510630,Jaket Hoodie pria fashion GIVE IT UP big logo hitam murah size m,Fashion,4,2026-06-13T12:51:54.161076
FB-5592,ORD-101364,35925127,"Original Jersey Netherlands Away 2015 ""7 Memphis Depay"" Euro Cup Nike [sportswear, sepakbola, vintage, retro, 90s, y2k, skate, casual, fashion, atasan, unisex]",Fashion,4,2026-06-13T15:06:54.161076
FB-5593,ORD-101371,93805000,Jaket parka army military green hijau m65 fashion L brenn,Fashion,5,2026-06-14T16:39:54.161076
FB-5594,ORD-101373,41510630,Jaket Hoodie pria fashion GIVE IT UP big logo hitam murah size m,Fashion,4,2026-06-14T08:37:54.161076
FB-5595,ORD-101375,75900751,CARDIGAN RIB/CARDIGAN CROP/CARDIGAN RAJUT/CARDIGAN WAFER/CARDIGAN WAFFLE/BY GFS (GIRL FASHION STORY),Fashion,4,2026-06-14T18:19:54.161076
FB-5596,ORD-101376,33235209,BKK Fashion,Fashion,4,2026-06-14T18:56:54.161076
FB-5597,ORD-101377,64383180,Batik keris fashion batik keris,Fashion,4,2026-06-14T14:23:54.161076
FB-5598,ORD-101378,77608982,Kaos Fashion L,Fashion,4,2026-06-14T13:52:54.161076
FB-5599,ORD-101379,84353197,PRELOVED Fashion today by alice norin knit top,Fashion,4,2026-06-14T13:58:54.161076
FB-5600,ORD-101381,42320964,Fitted Top Shirt Y2K 2000s Coquette Style | Atasan Kemeja .✦ ݁˖ sawako shoujo vintage coquette morikei fairy y2k 2000s cottage whimsical downtown girl bohemian boho etnik retro grunge emo gothic alt core korean style japanese fashion,Fashion,5,2026-06-15T21:26:54.161076
FB-5601,ORD-101382,41510630,Jaket Hoodie pria fashion GIVE IT UP big logo hitam murah size m,Fashion,4,2026-06-15T18:14:54.161076
FB-5602,ORD-101383,77608982,Kaos Fashion L,Fashion,4,2026-06-15T16:30:54.161076
FB-5603,ORD-101387,76724915,Brand fashion jepang ills,Fashion,4,2026-06-16T17:35:54.161076
FB-5604,ORD-101389,47393802,Hodie Champion Fashion sz M 62x57,Fashion,5,2026-06-16T20:13:54.161076
FB-5605,ORD-101397,2090480,Fashion wanita / Atasan wanita / Kemeja / Vintage,Fashion,4,2026-06-18T17:30:54.161076
FB-5606,ORD-101399,85984677,“You Are Gay” Fashion Brand Acrostic Graphic Tee - trashed -faded - distressed - erd - vintage - band tee,Fashion,5,2026-06-18T15:13:54.161076
FB-5607,ORD-101401,84353197,PRELOVED Fashion today by alice norin knit top,Fashion,3,2026-06-18T14:14:54.161076
FB-5608,ORD-101403,22339853,Kaos Fashion 68 Hitam,Fashion,4,2026-06-18T14:28:54.161076
FB-5609,ORD-101405,96953448,Kemeja Veterano Fashion not Caltop Pendleton Ralph Lauren Giordano,Fashion,3,2026-06-19T11:12:54.161076
FB-5610,ORD-101409,84979622,Kemeja Lengan Pendek Simon Fashion LD 92 1,Fashion,4,2026-06-20T08:48:54.161076
FB-5611,ORD-101410,62583289,Crewnack Off white Fashion,Fashion,5,2026-06-20T18:14:54.161076
FB-5612,ORD-101412,82462371,crewneck fashion,Fashion,4,2026-06-20T18:13:54.161076
FB-5613,ORD-101413,50133989,kemeja ootd jumbo bigsize preloved fashion today,Fashion,4,2026-06-20T15:08:54.161076
FB-5614,ORD-101418,1759904,Hoodie Off White Fashion,Fashion,5,2026-06-20T16:06:54.161076
FB-5615,ORD-101419,41510630,Jaket Hoodie pria fashion GIVE IT UP big logo hitam murah size m,Fashion,4,2026-06-20T20:06:54.161076
FB-5616,ORD-101421,25577472,Hoodie fashion mall Topten broken white Authentic,Fashion,5,2026-06-20T14:42:54.161076
FB-5617,ORD-101423,84979622,Kemeja Lengan Pendek Simon Fashion LD 92 1,Fashion,4,2026-06-21T16:04:54.161076
FB-5618,ORD-101424,1759904,Hoodie Off White Fashion,Fashion,5,2026-06-21T12:27:54.161076
FB-5619,ORD-101425,93805000,Jaket parka army military green hijau m65 fashion L brenn,Fashion,5,2026-06-21T21:32:54.161076
FB-5620,ORD-101426,47393802,Hodie Champion Fashion sz M 62x57,Fashion,5,2026-06-21T22:52:54.161076
FB-5621,ORD-101430,3650811,TB fashion,Fashion,3,2026-06-21T17:24:54.161076
FB-5622,ORD-101434,15767726,Kemeja Tnf Buat Fashion /Outdoor Original,Fashion,4,2026-06-21T18:10:54.161076
FB-5623,ORD-101435,56293620,Atasan HANA FASHION,Fashion,5,2026-06-21T09:43:54.161076
FB-5624,ORD-101436,29880574,Max Fashion shirt O neck size S,Fashion,5,2026-06-21T19:00:54.161076
FB-5625,ORD-101437,22019397,Jaket Bomber Fashion,Fashion,4,2026-06-22T17:29:54.161076
FB-5626,ORD-101441,96953448,Kemeja Veterano Fashion not Caltop Pendleton Ralph Lauren Giordano,Fashion,4,2026-06-22T13:43:54.161076
FB-5627,ORD-101444,25649285,Fashion NY 68 Varsity Jacket,Fashion,4,2026-06-23T20:15:54.161076
FB-5628,ORD-101447,39613896,Hodie Fashion sz M 67x55,Fashion,4,2026-06-24T19:40:54.161076
FB-5629,ORD-101449,38992108,Fashion Today - Kemeja Crinkle Coklat,Fashion,5,2026-06-24T09:00:54.161076
FB-5630,ORD-101452,64383180,Batik keris fashion batik keris,Fashion,5,2026-06-25T16:06:54.161076
FB-5631,ORD-101454,42320964,Fitted Top Shirt Y2K 2000s Coquette Style | Atasan Kemeja .✦ ݁˖ sawako shoujo vintage coquette morikei fairy y2k 2000s cottage whimsical downtown girl bohemian boho etnik retro grunge emo gothic alt core korean style japanese fashion,Fashion,4,2026-06-25T18:54:54.161076
FB-5632,ORD-101455,93805000,Jaket parka army military green hijau m65 fashion L brenn,Fashion,5,2026-06-25T17:24:54.161076
FB-5633,ORD-101456,67661682,Blouse fashion,Fashion,5,2026-06-26T14:57:54.161076
FB-5634,ORD-101458,88364831,Jaket parka army military green hijau m65 fashion guess,Fashion,4,2026-06-26T13:02:54.161076
FB-5635,ORD-101460,88364831,Jaket parka army military green hijau m65 fashion guess,Fashion,4,2026-06-26T18:26:54.161076
FB-5636,ORD-101462,38992108,Fashion Today - Kemeja Crinkle Coklat,Fashion,4,2026-06-27T17:43:54.161076
FB-5637,ORD-101463,42320964,Fitted Top Shirt Y2K 2000s Coquette Style | Atasan Kemeja .✦ ݁˖ sawako shoujo vintage coquette morikei fairy y2k 2000s cottage whimsical downtown girl bohemian boho etnik retro grunge emo gothic alt core korean style japanese fashion,Fashion,5,2026-06-27T15:28:54.161076
FB-5638,ORD-101465,62583289,Crewnack Off white Fashion,Fashion,5,2026-06-27T13:50:54.161076
FB-5639,ORD-101466,38992108,Fashion Today - Kemeja Crinkle Coklat,Fashion,4,2026-06-27T18:46:54.161076
FB-5640,ORD-101470,62583289,Crewnack Off white Fashion,Fashion,5,2026-06-27T09:54:54.161076
FB-5641,ORD-101476,15767726,Kemeja Tnf Buat Fashion /Outdoor Original,Fashion,3,2026-06-28T20:36:54.161076
FB-5642,ORD-101478,88243349,(NO NEGO) FRAGILE tailored faux leather shirt jacket black structured office chic vintage officewear structured top korean fashion japanese style collared shirt fitted shirt blazer style black formal polyurethane shirt minimal chic,Fashion,4,2026-06-28T17:41:54.161076
FB-5643,ORD-101479,1759904,Hoodie Off White Fashion,Fashion,5,2026-06-28T14:52:54.161076
FB-5644,ORD-101480,95204375,[NETT] Fashion Today kemeja putih,Fashion,3,2026-06-28T17:16:54.161076
FB-5645,ORD-101484,76838306,Sex Pistols M punk Misfits Metallica Nirvana Fashion pop metal rap tee Art,Fashion,5,2026-06-28T21:24:54.161076
FB-5646,ORD-101486,62349101,Longsleeve Lacoste Fashion,Fashion,4,2026-06-28T15:47:54.161076
FB-5647,ORD-101488,77608982,Kaos Fashion L,Fashion,4,2026-06-29T15:18:54.161076
FB-5648,ORD-101489,76838306,Sex Pistols M punk Misfits Metallica Nirvana Fashion pop metal rap tee Art,Fashion,5,2026-06-29T17:11:54.161076
FB-5649,ORD-101490,67661682,Blouse fashion,Fashion,5,2026-06-29T19:03:54.161076
FB-5650,ORD-101493,1759904,Hoodie Off White Fashion,Fashion,5,2026-06-29T10:31:54.161076
FB-5651,ORD-101496,50423645,Cardigan rajut fashion,Fashion,5,2026-06-29T14:48:54.161076
